COG Customer Item Number,TEC Item Number,Item Descripton,Supplier Code,Subcategory,Price
360000,TAP40CUSTR-05,4/0 AWG CU 19 STR SD HENDRIX TAP WIRE 500FT NRR TPR COVER,HEN03,3WIRERISER ,15.72
360002,RISER 2/0 STR CU 500FT NRR,2/0  CU 19 STR XLP RISER 500FT NRR,NEH02,3WIRERISER ,3.73
360004,RISER 500 STR CU 500FT NRR,500 AWG CU 37STR RISER 500FT NRR,NEH02,3WIRERISER ,12.95
360008,215FTI,INSERT 15KV FEED-THRU,ARK05,3MLDRUBBER ,144.52
360011,215-ICI,CAP INSULATED W/ GRD 15KV (167DRG(3)),ELE05,3MLDRUBBER ,25.44
3600112,215LE58T,LOADBREAK ELBOW 15KV 200A 4/0 STR  W/ TEST POINT,CIT05,3MLDRUBBER ,0
360013,162LR-C5240,ELBOW LOADBREAK 15KV 1/0 STR 0.805 - 1.06 W/TEST POINT,THO05,3MLDRUBBER ,41.38
360015,161SOP,STAND PARKING 15KV,THO05,3MLDRUBBER ,40.21
360017,4/0 25KV AL 1C EPR 1/3N 2500,4/0 25KV AL STR EPR 260MIL 1/3N 2500FT NRR,CME02,3WIREMV    ,8.81
360019,274J3,JUNCTION 25KV 3 POINT WITH STAINLESS STEEL BRACKET,THO05,3MLDRUBBER ,482.04
360021,274J4,JUNCTION 25KV 4 POINT WITH SS BRACKET,THO05,3MLDRUBBER ,360.49
360021,LJ225C4B,JUNCTION 25KV 4 POINT WITH SS BRACKET,COO02,3MLDRUBBER ,280.6
360022,274J4-5,JUNCTION 25KV 200A 4 POINT W/ STRAP [NEW CAT # 274J4(1)-5],THO05,3MLDRUBBER ,278.88
360023,2701A4,BUSHING INSERT LOADBREAK 25KV,THO05,3MLDRUBBER ,39.92
360024,228LE45T,ELBOW LOADBREAK 28KV 200A 2/0 SOL W/ TEST POINT,CIT05,3MLDRUBBER ,0
360024,276LR-CC5240,ELBOW LOADBREAK 25KV 1/0 0.80 -1.06  W/ TEST PT,THO05,3MLDRUBBER ,46.88
360025,262LR-D5270,ELBOW LOADBREAK 25KV 4/0 STR W/ TEST POINT,THO05,3MLDRUBBER ,54.8
360027,K650ETP,PLUG REDUCING TAP 600A DEADBREAK TO 200A LOADBREAK 25KV,THO05,3MLDRUBBER ,177.46
360029,625BES,BUSHING EXTENDER/STUD 25KV,CIT05,3MLDRUBBER ,0
360030,PLPC225,CAP INSULATING 25KV 200A,COO02,3MLDRUBBER ,40.73
360031,K656DR,CAP INSULATING 15/25 KV 600A W/ TEST POINT & STUD,THO05,3MLDRUBBER ,81.86
360033,164J4-5,JUNCTION 15KV 4 POINT WITH STRAPS,THO05,3MLDRUBBER ,165.16
360033,K650J4,JUNCTION 25KV 4 POINT 600A DEADBREAK,THO05,3MLDRUBBER ,398.03
360034,MB-5,BRACKET TERMINATOR FOR 1.45-1.95 CABLE OD,3M002,3TERMINATO ,50.46
360038,7653-S-4-4/0-GUS,TERMINATOR COLD SHRINK 4/0 15/25 KV  W/ STEM CONN & MNT  BRKT RISER  BOOT,3M002,3TERMINATO ,0
360040,AM303022262,ENCLOSURE SECTIONALIZING 1PH 22D X 30W X 30H 14GA 25KV RATING,DUR03,3STEELENCL ,464.2
360042,BMSSE226630TPH-121,ENCLOSURE SECTIONALIZING 3PH 22D X 66W X 30H 12GA STEEL,BAR04,3STEELENCL ,1056.75
360043,77-1-1/2INX20FT,TAPE ELECTRICAL 1-1/2INX20FT BLK,3M002,3TAPE      ,0
360044,MB-6,BRACKET TERMINATOR FOR 1.80-2.40 CABLE OD,3M002,3TERMINATO ,59.76
360048,WOFFORD 500QUAD 1000FTNRR,500 MCM AL QUAD 500-500-500-350 URD 1000FT NRR,CME02,3WIREUDSEC ,4.62
360050,CP74002PPPB,SECTIONALIZER 27KV 125KV BIL PROGRAMMABLE 10A - 480A 3 COUNT STD W/POLY MOUNTING ASSY,ARK05,3SECTIONAL ,0
360051,PVI41-386-12-12,INSULATED DEADFRONT PDMNT 4 WAY SWITCH 25KV 125KV BIL SF6,RYA03,3SWITCHURD ,73348.15
360053,NOTRE DAME 1500FT NRR,1/0 AWG AL QUAD 1/0-1/0-1/0-2 URD 1500FT 48X28X24 NRR,CME02,3WIREUDSEC ,1.57
360054,WAKEFOREST 1500FT NRR,4/0 AWG AL QUAD 4/0-4/0-4/0-2/0 URD 1500FT 54X32X24 NRR,CME02,3WIREUDSEC ,3.68
360056,SWEETBRIAR 1000FT NRR,4/0 AWG AL TRIPLEX 4/0-4/0-2/0 URD 1000FT 42X26X18 NRR,CME02,3WIREUDSEC ,2.99
360058,PVI42-386-12-9,INSULATED DEADFRONT PDMNT 4 WAY SWITCHGEAR 3 PHASE 25KV 125KV BIL,GWE02,3SWITCHURD ,45091.36
360062,50 DV-240/120 PAD,PAD 50 KVA 14400X7200 240/120 1PH,GEP01,3TRANURD1P ,2636.61
360065,167 DV-240/120 PAD,PAD 167 KVA 14400X7200 240/120 1PH,GEP01,3TRANURD1P ,4621.15
360069,150 DV-208/120 3PH PAD,PAD 150 KVA 14400X7200 208/120 3PH,ERM02,3TRANURD3P ,11628.61
360070,225 DV-208/120 3PH PAD,PAD 225 KVA 14400X7200 208/120 3PH W/ TAPS +/- 5%,GEP01,3TRANURD3P ,11099.07
360071,300 DV-208/120 3PH PAD,PAD 300 KVA 14400X7200 208/120 3PH,ERM02,3TRANURD3P ,12708.48
360073,750 DV-208/120 3PH PAD,PAD 750 KVA 14400X7200 208/120 3PH,GEP01,3TRANURD3P ,38229.63
360074,1000 DV-208/120 3PH PAD,PAD 1000 KVA 14400X7200 208/120 3PH W/ TAPS,GEP01,3TRANURD3P ,55150.62
360077,112.5 DV-480/277 3PH PAD,PAD 112.5 KVA 14400X7200 480/277 3PH W/ TAPS +/- 2.5%,ERM02,3TRANURD3P ,8597.53
360078,150 DV-480/277 3PH PAD,PAD 150 KVA 14400X7200 480/277 3PH,ERM02,3TRANURD3P ,11751.23
360080,300 DV-480/277 3PH PAD,PAD 300 KVA 14400X7200 480/277 3PH,ERM02,3TRANURD3P ,13371.99
360081,500 DV-480/277 3PH PAD,PAD 500 KVA 14400X7200 480/277 3PH,ERM02,3TRANURD3P ,20051.85
360082,750 DV-480/277 3PH PAD,PAD 750 KVA 14400X7200 480/277 3PH,ERM02,3TRANURD3P ,27103.19
360084,1500 DV-480/277 3PH PAD,PAD 1500 KVA 14400X7200 480/277 3PH W/ TAPS +/-  5%,ERM02,3TRANURD3P ,31663.95
360088,37.5 DV-120/240 2B,CONV 37.5 KVA 14400X7200 120/240 2 BUSHING,GEP01,3TRANOH    ,1389.86
360089,50 DV-120/240 2B SPD,CONV 50 KVA 14400X7200 120/240 2 BUSHING W/ 4H SPADES,GEP01,3TRANOH    ,1915.8
360090,75 DV-120/240 2B,CONV 75 KVA 14400X7200 120/240 2 BUSHING,GEP01,3TRANOH    ,2514.51
360091,100 DV-120/240 2B,CONV 100 KVA 14400X7200 120/240 2BUSHING,GEP01,3TRANOH    ,2793.56
360093,25 DV-277/480 2B,CONV 25 KVA 14400X7200 277/480 2 BUSHING,GEP01,3TRANOH    ,1367.5
360094,37.5 DV-277/480 2B,CONV 37.5 KVA 14400X7200 277/480 2 BUSHING,GEP01,3TRANOH    ,1165.57
360095,50 DV-277/480 2B,CONV 50 KVA 14400X7200 277/480 2 BUSHING,GEP01,3TRANOH    ,1356.05
360095,50 DV-277/480 2B TAPS,CONV 50 KVA 14400X7200 277/480 2 BUSHING W/TAPS,ERM02,3TRANOH    ,2223.46
360096,75 DV-277/480 2B,CONV 75 KVA 14400X7200 277/480 2 BUSHING,ERM02,3TRANOH    ,2064.47
360099,25 DV-240/480 2B ARRTAPSSPD-ZU,CONV 25 KVA 14400X7200 240/480 2 BUSHING W/ ARRESTER TAPS SPADES,GEP01,3TRANOH    ,0
360101,CSW6500-58SLC,CONNECTOR TRANSFORMER SEC 6 PORT #2-500MCM 5/8 STUD ST LIGHT  INHI W/ CLR CVR,THO05,3CONNURDSE ,0
360102,75 DV-240/480 2B,CONV 75 KVA 14400X7200 240/480 2 BUSHING,GEP01,3TRANOH    ,2065.19
360104,6170000-21 STAMPED COG,SEAL METER PLASTIC MAROON STAMPED CITY OF GEORGETOWN SEQ NUMBERED,BRO20,3SEALS     ,0
360105,6170000-1 STAMPED COG,SEAL METER PLASTIC RED STAMPED CITY OF GEORGETOWN SEQ NUMBERED,BRO20,3SEALS     ,0
360106,6170000-4 STAMPED COG,SEAL METER PLASTIC ORANGE STAMPED CITY OF GEORGETOWN SEQ NUMBERED,BRO20,3SEALS     ,0
360107,6170000-5 STAMPED COG,SEAL METER PLASTIC GRAY STAMPED CITY OF GEORGETOWN SEQ NUMBERED,BRO20,3SEALS     ,0
360109,215FT,FEED THRU STAND OFF 15KV,ELE05,3MLDRUBBER ,122.34
360111,RS900G-24-D-2SC25-XX,SWITCH ETHERNET 10 PORT RUGGEDCOM 24V,SIE02,3RELAYCTRL ,0
360113,CEP130M1,CAPACITOR 200KVAR 14400V 2 BUSH 125KV BIL,ARK05,3CAPACITOR ,651.2
360120,7470801-27,SEAL METER CLEAR RED INSERT TOOL-LESS 8IN WIRE NUMBERED NO STAMPING,EJB02,3SEALS     ,0.28
360122,CREO452W,POLE WOOD 45FT CL 2 CREOSOTE,500,2MFGCREPOL ,15.11
360127,108234,"ANCHOR 10"" EXPANDING FOR 3/4",ARK05,3ANCHOR    ,20.36
360128,5348,ROD ANCHOR 5/8 X 8 TWINEYE,ARK05,3ANCHORROD ,0
360128,J7517,ROD ANCHOR 5/8 X 7 TWINEYE,MAC10,3ANCHORROD ,13.89
360132,AS-1,ANCHOR SHACKLE 5/8IN PIN 25K RATED,LIN05,3BOLTWSHR  ,3.28
360133,213709-7323,ARRESTER 10KV POLYMER XARM MOUNT W/STRAP W/ CAP,TEC05,3ARRESTDIS ,47.28
360133,AHD-10B-1GA-1X1-1X,ARRESTER 10KV HD POLYMER XARM MOUNT W/ CAP,ALU01,3ARRESTDIS ,49.97
360135,8635,BOLT CARRIAGE 3/8 X 5,POW06,3BOLTWSHR  ,0.49
360139,8864,BOLT DOUBLE ARMING GALV 5/8 X 14,POW06,3BOLTWSHR  ,2.14
360140,8866,BOLT DOUBLE ARMING GALV 5/8 X 16,POW06,3BOLTWSHR  ,2.91
360141,8868,BOLT DOUBLE ARMING GALV 5/8 X 18,MAC10,3BOLTWSHR  ,5.15
360143,8872,BOLT DOUBLE ARMING GALV 5/8 X 22 J8872,MAC10,3BOLTWSHR  ,4.73
360146,8812,BOLT MACHINE GALV 5/8 X 12,ALU01,3BOLTWSHR  ,1.9
360147,8814,BOLT MACHINE GALV 5/8 X 14,ALU01,3BOLTWSHR  ,2.22
360148,8818,BOLT MACHINE GALV 5/8 X 18,MAC10,3BOLTWSHR  ,2.25
360151,8912,BOLT MACHINE GALV 3/4 X 12,ALU01,3BOLTWSHR  ,3.07
360151,R8912,BOLT MACHINE GALV 3/4 X 12,POW06,3BOLTWSHR  ,2.01
360153,PENTAHEAD BOLT SS,BOLT PENTA 1/2INX 1-1/2 STAINLESS STEEL,GEP01,3FASTENERS ,12.35
360157,9412,BOLT OVALEYE FORGED GALV 5/8 X 12,MAC10,3BOLTWSHR  ,3.21
360158,9414,BOLT OVALEYE FORGED GALV 5/8 X 14,MAC10,3BOLTWSHR  ,4.35
360160,9418,BOLT OVALEYE FORGED GALV 5/8 X 18,ALU01,3BOLTWSHR  ,5.4
360162,7744,BOLT SINGLE UPSET 5/8 X 14,ARK05,3BOLTWSHR  ,5.36
360164,322,CLEVIS SWINGING FOR SPOOL INSULATOR,POW06,3CLEVIS    ,5.3
360164,327,CLEVIS W/O 3 SPOOL INSUL (J10),WES30,3CLEVIS    ,5.76
360164,R1300,CLEVIS FIXED FOR SPOOL INSULATOR,POW06,3CLEVIS    ,4.54
360166,C15M36,BRACKET TRANSFORMER MTG DOUBLE MOUNT,209,3BRACKET   ,0
360169,PDM-4991,GUARD WILDLIFE 100A 25KV CUTOUT GREY 3 BUTTON,PLA03,3WILDLIFE  ,17.37
360171,G5,CLAMP GROUND ROD 5/8 10 SOL - #2 STR,GAL04,3CONNMECH  ,2.04
360172,70380343,GUARD WILDLIFE 12IN FOR OH BUSHING/ARRESTER SHEDLOCK,CEN10,3WILDLIFE  ,8.64
360172,KE1077R,GUARD WILDLIFE TRANSFORMER 72KV 5.2 INCH,KAD01,3WILDLIFE  ,0
360173,70380340,GUARD WILDLIFE 5-1/2IN FOR OH BUSHING/ARRESTER MINI-SHEDMOUNT,CEN10,3WILDLIFE  ,4.68
360175,SUNYYK2.5NB7,"LABEL LETTER-C 2.5IN TALL '7""  YELLOW ON BLACK HIGHLY REFLECTIVE",ELE01,3SIGNS     ,0
360176,W20-1,CLAMP WEDGE 1/0- #4 ALUM BAIL,THO05,3CONNCOMP  ,2.82
360178,7195,CLAMP WEDGE 2-6,MAC10,3CONNCOMP  ,1.72
360178,W621,CLAMP WEDGE 2-6 ALUM BAIL,THO05,3CONNCOMP  ,1.84
360186,ASOD6841N,CLAMP DEAD END SHOE #4 - 336.4 ACSR SIDE LOADING,ARK05,3DESHOES   ,11.42
360190,WR399,H-TAP 3/0-4/0 RUN #1-2/0 TAP,THO05,3CONNCOMP  ,1.07
360192,WR379,H-TAP 3/0-4/0 RUN #6-#2 TAP,THO05,3CONNCOMP  ,0.75
360194,WR-835,H-TAP 4/0-477 RUN 1/0-4/0 TAP,THO05,3CONNCOMP  ,3.93
360195,WR775,H-TAP 4/0-397 RUN AND TAP,THO05,3CONNCOMP  ,5.55
360198,WR989,H-TAP 795-795 ULTIMATE RANGE,THO05,3CONNCOMP  ,33.47
360200,CC44,C-TAP #6 SOL - 4 STR RUN  #4 SOL - 4 STR CU TAP,THO05,3CONNCOMP  ,0.87
360201,WCY80,CONNECTOR WEJTAP 556-795 TO 4/0-3/0,FCI02,3CONNSHOOT ,0
360202,602121-6,SHOOT ON TAP 795 - 336.4,TYC02,3CONNSHOOT ,34.16
360207,69338-4,SHELL AMPACT CARTRIDGE YELLOW,TYC02,3CONNSHOOT ,1.55
360208,WCY85,CONNECTOR WEJTAP 556-663 TO 715-795,FCI02,3CONNSHOOT ,0
360209,LER394Z-02,DISCONNECT 25KV 900A LINE TAP LB HOOKS W/ NO HANGERS,SIE02,3SWITCH1PH ,0
360210,WCY54,CONNECTOR WEJTAP 397.5-4/0 TO 266.8-2/0,FCI02,3CONNSHOOT ,20.94
360212,2B20,CONNECTOR 2-BOLT CU/AL 2 - 2/0 MCM RUN 8 - 2/0 MCM TAP,THO05,3CONNMECH  ,0
360213,602000,SHOOT ON TAP 336.4 - 2,TYC02,3CONNSHOOT ,22.79
360214,2B1000PW,CONNECTOR 2-BOLT CU/AL 750 - 1000 MCM RUN 2 - 1000 MCM TAP W/ SPACER & FREE BOLT,THO05,3CONNMECH  ,79.72
360217,VAUL2012BN,LUG COMPRESSON 2/0 AL/CU 2/0 6/1 ACSR 3/0 COMPACT,ARK05,3CONNCOMP  ,0
360219,2892-B4,DEADEND 3-5/8 X 7-1/2 X 10FT 4 WIRE,HUG08,3XARMWOOD  ,611.64
360220,DEH48DP,"DEADEND NARROW PROFILE 48"" 9500LB RATED",ARK05,3XARMWOOD  ,0
360222,J647Z,PIN XARM GALV 5/8 X 7 X 1-3/8 NYLON,MAC10,3PINHDWE   ,12.33
360223,881P,PIN XARM GALV 5/8 X 5 X 1 NYLON 5-3/4IN SHANK,ELE05,3PINHDWE   ,5.7
360225,WCY83,CONNECTOR WEJTAP 556.5 TO 795 ACSR,FCI02,3CONNSHOOT ,32.68
360226,CPG27-300A-125-CX,CUTOUT 27KV 300A SOLID BLADE 125 BIL W/ PG CONN & EXT BRKT,ALU01,3CUTOUTPRC ,109.87
360226,T710-233T,BLADE SOLID 300A 27KV 125BIL FOR STANDARD CUTOUT,ELE05,3CUTOUTTUB ,76.72
360232,WPBYN-BOX25,SHELL WEJ TAP CARTRIDGE YELLOW,FCI02,3CONNSHOOT ,1.65
360233,9420,BOLT OVALEYE FORGED GALV 5/8 X 20,POW06,3BOLTWSHR  ,4.44
360236,GP100,PLATE GROUND CU POLE BUTT,THO05,3GRPLATES  ,6.46
360239,S1540AGP,CLAMP HOTLINE AL TIN PLATED 4-266 RUN 6-266 TAP,WES30,3HOTLINE   ,27.1
360240,PG-5718,GUARD GUY HDPE YELLOW 8FT W/ PIG TAIL,PRE12,3GUYGUARD  ,3.77
360242,AHLS-954022-E,STIRRUP BOLTED 336.4 - 954 ACSR W/ 2/0 BAIL 2 BOLT,ARK05,3CONNMECH  ,50.65
360243,AHLS-024021E,STIRRUP BOLTED #4 - 4/0 ACSR W/ 1/0 BAIL 2 BOLT,ARK05,3CONNMECH  ,25.3
360248,FI-3CS04NAM,FAULT INDICATOR PADMOUNT,SMA02,3FAULTIND  ,160.07
360249,56-1,INSULATOR PIN J-NECK 56-1 1-3/8 IN,VIC04,3INSULPORC ,12.54
360250,FI-3CS04NCM-3PH,FAULT INDICATOR URD 4HR RESET 3PH,SMA02,3FAULTIND  ,0
360251,53-2,INSULATOR SPOOL 3IN ANSI 53-2 GRAY,NEW13,3INSULPORC ,1.81
360254,51008,FUSE FIT ALL TYPE T 8A,COO02,3FUSE      ,3.81
360255,51010,FUSE FIT ALL TYPE T 10A,COO02,3FUSE      ,3.78
360257,51003,FUSE FIT ALL TYPE T 3A,COO02,3FUSE      ,3.94
360259,51006,FUSE FIT ALL TYPE T 6A,COO02,3FUSE      ,3.92
360261,51015,FUSE FIT ALL TYPE T 15A,COO02,3FUSE      ,3.83
360262,51020,FUSE FIT ALL TYPE T 20A,COO02,3FUSE      ,3.76
360265,51040,FUSE FIT ALL TYPE T 40A,COO02,3FUSE      ,4.6
360269,51100,FUSE FIT ALL TYPE T 100A,COO02,3FUSE      ,7.87
360272,AF176,"LOCKWASHER SPRING DOUBLE COIL HDG FOR 1/2"" BOLT",ALU01,3BOLTWSHR  ,0.12
360272,CMW12,LOCKWASHER DOUBLE COIL FOR 1/2 BOLT,CIT05,3BOLTWSHR  ,0
360274,177,"LOCKWASHER SPRING DOUBLE COIL HDG FOR 5/8"" BOLT",ALU01,3BOLTWSHR  ,0.24
360278,602U3060A13-1733,SOCKET METER 20A 13T W/ 10-POLE TEST SWITCH PREWIRED,EJB02,3METER     ,0
360280,U7420-RL,SOCKET METER 200A 7T OH NO HUB,MIL07,3SOCKETS   ,137.48
360283,1092,EYENUT FORGED OVAL FOR 5/8 BOLT,POW06,3BOLTWSHR  ,1.73
360284,6503,EYENUT FORGED OVAL FOR 3/4 BOLT,ELE05,3BOLTWSHR  ,2.35
360285,6510,EYENUT FORGED THIMBLE FOR 5/8 BOLT,ALU01,3BOLTWSHR  ,3.79
360286,2195,PIN POLE TOP 20IN 1-3/8IN THREAD,ARK05,3PINHDWE   ,20.93
360290,GH6,GUY ATTACHMENT 3/4IN  MTG BOLT GOAT HEAD 2 BOLT STYLE,ELE05,3BRACKET   ,4.39
360291,TS-PTS-GRTWN-13,COVER WIRE WAY FOR 360374,CIT05,3METER     ,0
360292,LS-5/16-2,SCREW LAG SQUARE HEAD 5/16 X 2- GIMLET POINT,HUG08,3BOLTWSHR  ,0
360292,LSGP-516212,SCREW LAG SQUARE HEAD 5/16 X 2-1/2 GIMLET POINT,LIN05,3BOLTWSHR  ,0.21
360294,SHEPERD 3300FT NRR,6 AWG AL DUPLEX ACSR NEU 3300FT 30X18X12 NRR,CME02,3WIREOHSEC ,0.23
360294,SHEPERD 500FT COIL,6 AWG AL DUPLEX ACSR NEU 500FT COIL,CME02,3WIREOHSEC ,0.28
360295,APPALOOSA 1100FT NRR,4/0 AWG AL QUAD ACSR NEU 1100FT 50X32X24 NRR,CME02,3WIREOHSEC ,2.96
360298,ATS1020,SPLICE AUTO 1/0 - 2/0,THO05,3CONNAUTO  ,15.26
360299,E8182053P,SWITCH AIRBREAK HANDLE EXTENSION LINK GALV  BOLT AR11P PIPE HDWR,CIT05,3SWITCH3PH ,0
360305,LK830T,LINK FIGURE 8 W/ 90 DEGREE TWIST 30K,ELE05,3BOLTWSHR  ,26.93
360307,RC336,SPLICE COMPRESSION 336.4 ACSR FULL TENSION,THO05,3CONNCOMP  ,24.4
360310,31065,FUSE FIT ALL TYPE K 65A,COO02,3FUSE      ,7.5
360311,AC336,SPLICE ALUMINUM 336  FULL TENSION,MAC10,3CONNCOMP  ,2.05
360312,147433R4-H-A2W ED-710R4,SWITCH ABS FBGLS OMNI-RUPTER 25KV 900A,SCE03,3SWITCH3PH ,7233.59
360312,P8160122P,PIPE CONTROL 83 INCH LG,ARK05,3SWITCH3PH ,0
360315,7/16 GUY HS 500FT,WIRE GUY 7/16 HS 500 COILS,CON08,3WIREGUY   ,0.62
360315,J26634,BRACKET XARM ARRESTER/CUTOUT,MAC10,3BRACKET   ,9.5
360316,973X-35AL,"SWITCH 3PH HORIZ VECTOR 25KV 900A INSUL OPT SHAFT 28"" PIPE W/ARR AND 2645-06 INSL",SIE02,3SWITCH3PH ,3730.86
360316,AR114FFLST,SWITCH GOAB 25KV 900A 150KV BIL W/STL GROUND OPERATING PROVISION,ARK05,3SWITCH3PH ,5127.15
360317,TLS-42-TP,"TERMINAL EYEBOLT #6-250 1/4"" BAR TIN PLATED",THO05,3CONNMECH  ,5.09
360318,NP2-500I,CONNECTOR TRANSFORMER EYEBOLT ADAPTER MT SET SCREW 2H #10-500 3/4IN STUD,CMC01,3CONNURDSE ,11.85
360321,PMS-360321,PRIMARY METER SET 15KV 50:1 VT,CIT05,3MTRSET    ,0
360324,750X120260,CURRENT TRANSFORMER 600V 200:5  JAD-OC W/ SS BASE,GEG02,3CTVTPT    ,109.81
360326,25 DV-240/120 PAD T1,PAD 25 KVA 14400X7200 240/120 1PH ANSI TYPE 1/MAXI,GEP01,3TRANURD1P ,1974.07
360329,YA2C-2N,LUG COMPRESSION #2 2H CU,FCI02,3CONNCOMP  ,4.28
360329,YA2C2N,LUG COMPRESSION #2 2H CU,FCI02,3CONNCOMP  ,3.6
360330,SUNYYK2.5NB2,"LABEL LETTER-C 2.5IN TALL ""2"" YELLOW ON BLACK HIGHLY REFLECTIVE",ELE01,3SIGNS     ,0
360331,SUNYYK2.5NB3,"LABEL LETTER-C 2.5IN TALL ""3"" YELLOW ON BLACK HIGHLY REFLECTIVE",ELE01,3SIGNS     ,0
360333,SUNYYK2.5NB5,"LABEL LETTER-C 2.5IN TALL ""5"" YELLOW ON BLACK HIGHLY REFLECTIVE",ELE01,3SIGNS     ,0
360335,MR-DNX,LIGHT STREET CONTROLL BOX 277V SPEC 6863 (TRINETIC) W/ MOUNT BRACKET,CIT05,3RELAYCTRL ,0
360336,ELBOW STL 1X90X24R,ELBOW RIGID 1IN 90 DEGREE 24IN RADIUS,CIT05,3CONDUFITT ,0
360337,TIE WIRE #4 ALUM,TIE WIRE #4 ALUM 25# BOX COIL (654FT/25#),NEH02,3WIRETIE   ,3.43
360340,750X133311,CURRENT TRANSFORMER 600V 200:5 JAK-0C W/LBP RF4,GEG02,3CTVTPT    ,92.09
360343,750X136204,CURRENT TRANSFORMER 600V 400:5  JAB-OC PAD MTD,GEG02,3CTVTPT    ,84.03
360344,605ASTRA,CURRENT TRANSFORMER 600V 10KVBIL 600:5,DUR03,3CTVTPT    ,0
360346,607,CURRENT TRANSFORMER 10KVBIL 1000:5 ASTRA TYPE AP,DUR03,3CTVTPT    ,0
360347,750X136212,CURRENT TRANSFORMER 600V 1200:5 JAB-OC PAD MTD,GEG02,3CTVTPT    ,77.07
360349,1055ASTRA,VOLTAGE TRANSFORMER 10KVBIL 480:120 TYPE DB,DUR03,3CTVTPT    ,0
360350,1086,WASHER ROUND GALVANIZED 1-3/8 FOR 1/2 BOLT,ALU01,3BOLTWSHR  ,0.1
360351,1075,WASHER SQUARE FLAT GALV 2-1/4 X 3/16 FOR 5/8 BOLT,MAC10,3BOLTWSHR  ,0.56
360352,6823,WASHER SQUARE CURVED 3 X 3 X 1/4 FOR 3/4 BOLT (13/16IN H) J6823,MAC10,3BOLTWSHR  ,1.64
360354,6829,WASHER SQUARE CURVED 4X4X1/4 15/16 HOLE FOR 7/8 BOLT,POW06,3BOLTWSHR  ,2.1
360355,AF626,BRACE XARM WOOD 38 X 18 (2 BRACES/PAIR),ALU01,3WOODBRACE ,9.87
360356,JA4760R,BRACE XARM WOOD 60 X 18,MAC10,3WOODBRACE ,20.74
360357,750X133343,CURRENT TRANSFORMER 600V 400:5 JAK-OC W/HBP PRI BAR,GEG02,3CTVTPT    ,148.15
360359,SPRAM45-386F-40PI,SWITCHGEAR PADMOUNTED LOADBREAK 27KV,GWE02,3SWITCHURD ,0
360360,FI-3AS24TRB,FAULT INDICATOR OVERHEAD 120A 24HR RESET,SMA02,3FAULTIND  ,162.35
360363,ARBUTUS 3700LB NRR,795 MCM AAC 3700LB 66X32X32 NRR (4960 FT PROX),CME02,3WIREBAREA ,4.11
360366,LU200 MOGUL,BULB 200W HPS MOGUL BASE,HOW02,3LGHTLAMP  ,6.11
360367,LU400,BULB 400W HPS MOG BASE S51 ET18 CLEAR,HOW02,3LGHTLAMP  ,7.39
360372,MH100/U/MOG,BULB 100W MH MOGUL BASE CLEAR,HOW02,3LGHTLAMP  ,6.86
360375,360375,"BASE FOR STREETLIGHT POLE BREAKAWAY 20' HIGH 11""-13"" BC",CIT05,3LGHTARM   ,0
360382,ATBSFMVOLTR3XLP5A0NLRFD204077,FIXTURE ROADWAY 50W ADJUSTABLE LED MULTI VOLT FOREST GREEN W/ PHOTO RECEPTACLE,ACU03,3LGHTLED   ,0
360383,PVI62-386-12-62F,INSULATED DEADFRONT PDMNT 2 WAY 4 LOAD SWITCH 25KV 125KV BIL SF6,RYA03,3SWITCHURD ,92685.19
360385,ATBMFMVOLTR3XLP5A0NLRFD204078,FIXTURE ROADWAY 130W ADJUSTABLE LED MULTI VOLT FOREST GREEN W/ PHOTOCONTROL,ACU03,3LGHTLED   ,0
360387,1313010,LOCK ROTARY SHACKLE W/OUT KEYS STERLING BRAND CITY OF GEORGETOWN,ENG02,3SAFETY    ,9.08
360399,C58813,GROUND ROD 5/8IN X 8FT CU 13MIL,SOU53,3GRROD     ,15.15
360405,SDV7-SE-ZN,BREAKER CIRCUIT W/ VS-25008 INTERRUPTER,SIE02,3SWITCH3PH ,0
360410,FW50SSPPBE,"WASHER BELLEVILLE 1/2"" SS",ALL15,3FASTENERS ,0.28
360412,31080,FUSE FIT ALL TYPE K 80A,COO02,3FUSE      ,8
360414,CONCH 500FT COIL,2 AWG AL TRIPLEX ACSR NEU 500FT COIL,CME02,3WIREOHSEC ,1
360416,51002,FUSE FIT ALL TYPE T 2A,COO02,3FUSE      ,4.79
360418,AR134FFLPT,SWITCH AIRBREAK 25KV 900AMP VERT MOUNT VERT SWING AUTO READY,ARK05,3SWITCH3PH ,0
360419,Y619973,DECAL URD TAG KIT BLUE 2X2.5 (PACK 25),ELE01,3SIGNS     ,0
360421,COSTENA 1200FT NRR,1/0 AWG AL QUAD ACSR NEU 1200FT 42X26X18 NRR,CME02,3WIREOHSEC ,1.5
360425,25 DV-240/120 PAD-VFI,PAD 25 KVA 14400/7200 240/120 1PH TYPE 2 VFI SWITCH,COO02,3TRANURD1P ,8757.79
360429,SUNYYK2.5NB8,"LABEL LETTER-C 2.5IN TALL ""8"" YELLOW ON BLACK HIGHLY REFLECTIVE",ELE01,3SIGNS     ,0
360431,SUNYYK2.5NB0,"LABEL LETTER-C 2.5IN TALL ""0"" YELLOW ON BLACK HIGHLY REFLECTIVE",ELE01,3SIGNS     ,0
360432,URDP1KITW,TAG BLANK WHITE 2X2.5 URD KIT W/ ZIP TIES (Y605674),ELE01,3SIGNS     ,0
360434,8708,BOLT MACHINE GALV 1/2 X 8,POW06,3BOLTWSHR  ,1.11
360435,8806,BOLT MACHINE GALV 5/8 X 6,ALU01,3BOLTWSHR  ,1
360437,GLN-AL-05,"POLE TAG AL PLATE FOR 1"" STICKERS 6""X5""X.2 (PREMAX)",CIT05,3SIGNS     ,0
360438,U1240BW-COG-TX,"TAG POLE 1 1/4"" X 4 11/16"" LABEL BLACK ON  LOGO CITY OF GEORGETOWN",CIT05,3SIGNS     ,0
360440,U1080SYB-120-0,"LABEL LETTER-1IN TALL '0""  YELLOW ON BLACK SHEET",UTI05,3SIGNS     ,0
360443,U1080SYB-120-3,"LABEL LETTER-1IN TALL '3""  YELLOW ON BLACK SHEET",UTI05,3SIGNS     ,0
360445,ADSB48N,CLAMP DEAD END SHOE STRAIGHT LINE #6 - 3/0 .18-.502 IN SINGLE BOLT,CIT05,3DESHOES   ,0
360445,ASO-398-1-N,CLAMP DEAD END SHOE #6 - 2/0 SIDE LOADING,MAC10,3DESHOES   ,9.57
360446,ADE2526S,CLAMP DEADEND CLAMP QUADRANT STYLE 336.4 26/7 - 1192.5 45/7 ACSR W/ SOCKET,MAC10,3DESHOES   ,97.26
360446,ADEZ116N,CLAMP DEAD END SHOE 336 - 954 ACSR SIDE LOADING .68-1.16 IN,ELE05,3DESHOES   ,30.64
360448,178,"LOCKWASHER SPRING DOUBLE COIL HDG FOR 3/4"" BOLT ""J178""",MAC10,3BOLTWSHR  ,0.49
360455,U1080SYB-120-A,"LABEL LETTER-1IN TALL 'A""  YELLOW ON BLACK",UTI05,3SIGNS     ,0
360457,75 14.4-240/120 PAD GT,PAD 75 KVA 14400 240/120 1PH,ERM02,3TRANURD1P ,2705.77
360457,U1080SYB-120-C,"LABEL LETTER-1IN TALL 'C""  YELLOW ON BLACK",UTI05,3SIGNS     ,0
360458,CSTK2,STRAP KIT 2IN,CIT05,3BRACKET   ,0
360458,STK2A,"STRAP KIT 2""",ALU01,3BRACKET   ,4.47
360462,STK-6A,STRAP KIT 6IN,ALU01,3BRACKET   ,8
360464,225 14.4-208/120 3PH PAD PEC,PAD 225 KVA 14400 208/120 3PH PEC SPEC,ERM02,3TRANURD3P ,17614.68
360465,56-1-POLY,INSULATOR PIN J-NECK 56-1 1-3/8IN POLY HPI-25J-02 INS-25-PJ-2,ALU01,3INSULPOLY ,9.81
360467,2000 14.4-480/277 3PH PAD,PAD 2000 KVA 14400 480/277 3PH,GEP01,3TRANURD3P ,45317.28
360468,PAD CONCRETE METER PEDESTAL,"PAD CONCRETE METER PEDESTAL 301X30X5 WITH 8X8 OPENENING AND 4 HOLES 3.75""",FOR18,3XFRMRPAD  ,166.67
360469,U1080SYB-120-7,"LABEL LETTER-1IN TALL '7""  YELLOW ON BLACK SHEET",UTI05,3SIGNS     ,0
360470,U1080SYB-120-8,"LABEL LETTER-1IN TALL '8""  YELLOW ON BLACK SHEET",UTI05,3SIGNS     ,0
360471,75 14.4-480/277 3PH PAD,PAD 75KVA 14400 480/277 3PH PAD,GEP01,3TRANURD3P ,6904.32
360472,112.5 14.4-480/277 3PH PAD,PAD 112.5 KVA 14400 480/277 3PH W/TAPS,GEP01,3TRANURD3P ,8139.27
360473,150 14.4-480/277 3PH PAD,PAD 150  KVA 14400 480/277 3PH W/TAPS,GEP01,3TRANURD3P ,8073.39
360474,225 14.4-480/277 3PH PAD,PAD 225 KVA 14400 480/277 3PH W/TAPS,GEP01,3TRANURD3P ,9479.01
360476,SLA1075,BATTERY 12V 7.5AH SLA FOR SCHWEITZER RELAY,ELE18,3BATTERY   ,30.13
360477,750 14.4-480/277 3PH PAD,PAD 750 KVA 14400 480/277 3PH W/TAPS,ERM02,3TRANURD3P ,15073.87
360480,1.11186E+13,"MARKER POST FIBERCURVE 72""X4"" W/ CITY OF GEORGETOWN LABEL",ELE01,3SIGNS     ,0
360481,614,PAINT AEROSOL TRANSFORMER GREEN 12.58OZ CAN (12/CASE),SOL02,3AEROSOL   ,12.27
360483,50 14.4-120/240 2B,CONV 50 KVA 14400 120/240 2 BUSHING,GEP01,3TRANOH    ,1344.53
360484,75 14.4-120/240 2B,CONV 75 KVA 14400 120/240 2 BUSHING,GEP01,3TRANOH    ,1918.06
360484,NYA 16F5J 17 P07 ABG BN,POLE STREET LIGHT ANTIQUE 16' GREEN CITY OF GEORGETOWN,CIT05,3POLELGHT  ,0
360484,NYA 16F5J 17 P07 ABG BN-ZN,POLE STREET LIGHT ANTIQUE 16' GREEN CITY OF GEORGETOWN,CIT05,3POLELGHT  ,0
360487,25 14.4-277/480 2B,CONV 25 KVA 14400 277/480 2 BUSHING,GEP01,3TRANOH    ,982.65
360487,GS204822W,"GROUND SLEEVE 48"" METAL",CIT05,3GRDSLEEVE ,0
360489,50 14.4-277/480 2B,CONV 50 KVA 14400 277/480 2 BUSHING,GEP01,3TRANOH    ,990.12
360490,TAG-WP-WIRE-CUT,LABEL TAG-WP-WIRE-CUT,CIT05,3SIGNS     ,0
360491,TH-5SL,TAG HOLDER ALUMINUM 1IN VERTICAL 5 SPACES,ALM02,3SIGNS     ,0
360492,POLE TAG VERTICAL V500 NO 0-9,POLE TAG VERTICAL V500 NO 0-9,CIT05,3SIGNS     ,0
360494,750X136464,CURRENT TRANSFORMER 600V 500:5 JAB-0W PAD MTD ENCOMPASS HI TEMP,GEG02,3CTVTPT    ,96.9
360494,COV0500ANN,CURRENT TRANSFORMER SECONDARY HIGH ACCURACY 500:5 ALTA SERIES COV-6 600V METERING CT,TEX143,3CTVTPT    ,132.28
360498,SSA1244C,FIXTURE HPS TWO HEAD GREEN 100W 12',CIT05,3LGHTHID   ,0
360502,PCA304836-90248,ENCLOSURE 30 W X 48 L X 36 D W/POLYMER CONCRETE LID STAMPED FIBER ON LID 4 HOLE,NEW15,3FIBERENCL ,629.63
360504,S-99,"SILICONE SPRAY 16OZ ""SALCON""",SAL04,3LUBRICANT ,17.93
360506,GDE5102,DEADEND AUTO 3/8 & 14M GUY STRAND,ARK05,3CONNAUTO  ,14.83
360507,PC1212BA12,BOX POLY/CONCRETE 12X12X12 SPLICE BOX WITH ID QUAZITE,CIT05,3PEDESTAL  ,0
360508,SEL-07340N9F3D3626E8G6G3C0008,ADVANCED METERING SYSTEM 734#0102,SCH08,3RELAYCTRL ,0
360509,SEL-915900015,MOUNTING KIT DIN RAIL FOR SEL SATELLITE-SYNCHRONIZED CLOCKS,SCH08,3RELAYCTRL ,18.52
360509,SEL-915900215,BRACKET CAP MOUNTING KIT W/ STRAPS/BARS,SCH08,3RELAYCTRL ,0
360510,SEL-9250011,SLEEVE SECURITY,SCH08,3RELAYCTRL ,0
360514,274LRF,ELBOW PROBE 25KV,THO05,3MLDRUBBER ,14.01
360517,U2594X,SOCKET METER 320A 7T OH/UG CP W/BYPASS **W/OUT LUGS**,MIL07,3SOCKETS   ,349.48
360519,H4306Q,"SOCKET METER 320A 1PH 3"" HUB",DUR03,3SOCKETS   ,0
360520,8453,CABLE SEALING KIT 15KV 2/0-1000 25KV 1/0-750 35KV 1/0-500,3M002,3TERMINATO ,25.84
360521,MC1W-41200-U,SOCKET METER 200A 4T UG BLANK SWY,SAL10,3SOCKETS   ,107.14
360522,S1129X,SOCKET METER 320A 4T UG W/BYPASS,MIL07,3SOCKETS   ,167.74
360524,Y605673,"TAG 3.25""X5.5"" EQUIPMENT BLK/RED PHASE A URD A",ELE01,3SIGNS     ,0
360526,Y618611,"TAG 3.25""X5.5"" EQUIPMENT BLK/WHT PHASE B URD B",ELE01,3SIGNS     ,0
360527,Y4163206,"LABEL 4""X6"" BLUE/SVR ""NORMALLY OPEN""",ELE01,3SIGNS     ,0
360528,BRONCO 500FT NRR,336.4 MCM QUAD W/ 336 ACSR NEUTRAL OH SERVICE DROP,CME02,3WIREOHSEC ,4.26
360530,S4067-XL-200,SOCKET METER 200A 4T CP W/ 200A MAIN BREAKER,MIL07,3SOCKETS   ,215.22
360535,UT-H7233U,SOCKET METER 200A 3PH HCP 7T,DUR03,3SOCKETS   ,225.19
360537,BAD2PLK-62,BOLT-A-BAND FOR STEEL POLES,BAR04,3BRACKET   ,0
360540,BASOCL6-24FW,BRACKET CONDUIT STAND-OFF 6IN W/ 24IN FOUR WAY T SLOT,BAR04,3BRACKET   ,0
360541,CFH27-100A-8KA,FUSE TUBE 27KV 100A 125BIL 8KAIC,ALU01,3CUTOUTTUB ,53.5
360541,T710-211T,FUSE TUBE 27KV 100A 125BIL 8KAIC,ARK05,3CUTOUTTUB ,43.34
360548,AR0130,ARMOR ROD 336 26/7 .704 - .740  72IN GREEN,PRE12,3FMDWIRE   ,20.42
360550,ATBXP50MVOLTR23KXLNLVRP7,FIXTURE AUTOBAHN COBRAHEAD LED MULTIVOLT NOCSA W/ PHOTOCONTROL RECEPTACLE,ACU03,3LGHTLED   ,0
360553,G3MAA14824ATB,STANDOFF FG 3PH 48IN OAL 24IN MIDDLE 15 DEG 2 POS 3 HOLE 1.5IN ROD,MAC10,3FIBBRKTS  ,209.67
360555,HDB096G12252,DEADEND FG 8FT 3-3/4 X 4-3/4,SHA10,3FIBARMDE  ,0
360557,R3CA-48,BRACKET 3PH EQUIPMENT MOUNT 6 POSITION 48IN,ALU01,3BRACKET   ,174.22
360570,25179Z,PIN POLE TOP OFFSET 1-3/8  NYLON THREAD HEAD,MAC10,3PINHDWE   ,20.52
360570,C206-0271,PIN POLE TOP OFFSET 1-3/8,209,3PINHDWE   ,14.14
360570,C2060271,PIN POLE TOP OFFSET 1-3/8 LEAD HEAD,ARK05,3PINHDWE   ,11.63
360570,J25179,PIN POLE TOP OFFSET 1-3/8 (LEAD),MAC10,3PINHDWE   ,16.39
360571,BMK-STAB-03-GAL,FOAM POLECRETE 30LB/ 5-6 CUBIC FT PU 75PSI 3 GALLON KIT 42/PALLET,FOA02,3FOAM      ,102.23
360571,SSU-2.8-25,POLE SECURE SET 2.5 GALLON PAIL 2 PART,GRA17,3FOAM      ,89.83
360571,SSU-4-25,FOAM POLECRETE 2.5 GALLON KIT 48/PALLET,GRA17,3FOAM      ,99.68
360575,9650/E1X04A/720/10M,SENSOR CURRENT 15KV 720:1,LIN04,3RELAYCTRL ,0
360576,9660/E1X04A/1355/10M,SENSOR CURRENT 25KV,LIN04,3RELAYCTRL ,0
360577,R-22981S,CABLE ASSY NEUTRAL SENSOR  W/SOCKET WITH 7-PIN AMPHENOL CONNECTOR,LIN04,3RELAYCTRL ,444.44
360581,PS1.2-2,"LABEL LETTER-""2""  FOR 2"" RY  BLACK ON YELLOW SHEET",ALM02,3SIGNS     ,0
360581,PS1.2-5,"LABEL LETTER-""5""  FOR 2"" RY  BLACK ON YELLOW SHEET",ALM02,3SIGNS     ,0
360581,PS1.2-6,"LABEL LETTER-""6 OR 9""  FOR 2"" RY  BLACK ON YELLOW SHEET",ALM02,3SIGNS     ,0
360581,PS1.2-7,"LABEL LETTER-""7""  FOR 2"" RY  BLACK ON YELLOW SHEET",ALM02,3SIGNS     ,0
360581,PS1.2-8,"LABEL LETTER-""8""  FOR 2"" RY  BLACK ON YELLOW SHEET",ALM02,3SIGNS     ,0
360582,"TAG DECAL PHASE ID A 1.5""","TAG DECAL PHASE ID LETTER ""A""1.5""",CIT05,3SIGNS     ,0
360582,"TAG DECAL PHASE ID B 1.5""","TAG DECAL PHASE ID LETTER ""B""1.5""",CIT05,3SIGNS     ,0
360602,ATBMEMVLTR23KXLP5AONLRFD214953,FIXTURE LED COBRAHEAD AUTOBAHN MULTIVOLT,ACU03,3LGHTLED   ,0
360605,1/2 14.4-120/240 1B,CONV 1/2KVA 14400 120/240 1 BUSHING,209,3TRANOH    ,693.83
360609,SPL1358P,TIE SPOOL 4/0 .521 - .588 32IN RED,PRE12,3FMDWIRE   ,4.53
360611,DS-28M,INSULATOR DEADEND SUSPENSION POLYMER 27KV,MAC10,3INSULDE   ,16.85
360615,360615,"STREETLIGHT ARM FOR WOOD POLE 1.25""X10",CIT05,3LGHTARM   ,0
360616,360616,"STREETLIGHT ARM FOR WOOD POLE 1.25""X16'",CIT05,3LGHTARM   ,0
360625,HANDHOLE COVER AL OVAL-ZN,POLE STREET LIGHT COVER FOR 25' POLE SINGLE ARM ALUMINUM OVAL  CITY OF GEORGETOWN,CIT05,3LGHTPART  ,0
360629,1SBM18CLRH,STANDOFF FG CUTOUT/ARRESTER 18IN 15 DEG 3 POS 4 HOLE  1.5IN ROD,TEC05,3FIBBRKTS  ,40.12
360629,F1CA-MV-A18-C4-H,STANDOFF FG CUTOUT/ARRESTER 18IN 15 DEG 3 POS 4 HOLE  1.5IN ROD,ALU01,3FIBBRKTS  ,40.12
360629,G1MDA318ATB,STANDOFF FG CUTOUT/ARRESTER 18IN 15 DEG 3 POS 7 HOLE 1.5IN ROD W/HRDWR (CLOVER LEAF),MAC10,3FIBBRKTS  ,31.49
360631,167 DV-240/120 PAD T1,PAD 167 KVA 14400X7200 240/120 1PH MAXI,GEP01,3TRANURD1P ,4385.49
360632,ELBOW STL 2X90X36R,ELBOW RIGID 2IN 90 DEGREE 36IN RADIUS,ECN01,3CONDUFITT ,82.4
360635,ELBOW PVC 6X90,ELBOW PVC 6IN 90 DEGREE 30IN STD RADIUS PLAIN END (59599),ATK01,3CONDUFITT ,50.47
360635,ELBOW PVC 6X90X36R BE,ELBOW PVC 6IN 90 DEGREE 36IN RADIUS BELLED END (875754),ATK01,3CONDUFITT ,82.22
360637,EBR-CA015B01830S,FIXTURE BARN 42W LED 120-277 3000K,EXC02,3LGHTLED   ,0
360637,EBR-CA015B01830S-700CAA1-111NN,FIXTURE SECURITY LIGHT 42W LED TYPE 3 120-277V 3000K,EXC02,3LGHTLED   ,0
360640,ELBOW PVC 6X45X48,ELBOW PVC 6IN 45 DEGREE 48IN RADIUS BELLED END (5233774),ATK01,3CONDUFITT ,26.41
360643,COV1000ANN,CURRENT TRANSFORMER 600V 1000:5 ALTA SERIES COV-6  SECONDARY HIGH ACCURACY METERING CT,TEX143,3CTVTPT    ,118.52
360646,COM0500ABN,CURRENT TRANSFORMER SECONDARY HIGH ACCURACY 500:5 ALTA SERIES COM-6 600V METERING CT,TEX143,3CTVTPT    ,165.09
360652,SS201S625,"BAND 5/8 W X .30"" THICK  X 100FT SS ROLL IN BOX USE W/ SS201B625",UND02,3FASTENERS ,0
360653,SS201B625,BUCKLE 5/84 FOR SUPER STRAP BANDING USE W/ SS201S625,UND02,3FASTENERS ,0
360686,500 14.4-480/277 3PH PAD PEC,PAD 500KVA 14400 480/277 3PH PEC SPEC,GEP01,3TRANURD3P ,17420.63
360688,ES4W8W,INSULINK #6 ACSR-10  AL/CU INS SLEEVE GREEN,ARK05,3CONNCOMP  ,0
360690,ICS64-1,SLEEVE #6-#6 INSULATED AL/CU,CIT05,3CONNCOMP  ,0.3
360690,U1N66,SPLICE #6-#6 INSULATED,THO05,3CONNCOMP  ,0.53
360695,ES2R6W,SPLICE #2-#8 INSULATED,ELE05,3CONNCOMP  ,0.33
360696,ICS73-1,SPLICE #2-#2 INSULATED,THO05,3CONNCOMP  ,0.44
360697,ICS72-1,SLEEVE #2-#4 INSULATED AL/CU,THO05,3CONNCOMP  ,0.52
360698,ES2R4W,SLEEVE #2 - #6 INSULATED AL/CU,FCI02,3CONNCOMP  ,0.32
360699,U1N102,SPLICE 1/0-#2 INSULATED,THO05,3CONNCOMP  ,0.8
360701,RAB6C,CONNECTOR SUBMERSIBLE 12-350MCM 6 PORT W/ INHIBITOR,THO05,3CONNURDSE ,20.26
360707,U2025R-2H,TAGS CABLE IDENTIFICATION RED,UTI05,3SIGNS     ,0.51
360709,7655-S-4-TI,TERMINATOR COLD SHRINK 500-1000MCM 15KV 250-800MCM 25KV W/ MTG BRACKET,3M002,3TERMINATO ,0
360710,2201017,GRIP CABLE SUPPORT DIA RANGE 1.00-1.240,CIT05,3GRIPS     ,0
360711,LR2.5-.75,GRIP CONDUIT RISER TYPE 3/4 - 1-1/8 FOR 2-1/2IN CONDUIT,LEW02,3GRIPS     ,31.29
360713,BKPLPE6,BACK PLATE FOR U GUARD STANDARD 6IN X 10FT,ELE15,3UGUARD    ,13.58
360714,S9650-O,PEDESTAL METER LESS SOCKETS,MIL07,3SOCKETS   ,214.26
360717,BKPLPE2,BACK PLATE FOR U GUARD STANDARD 2IN X 10FT,ELE15,3UGUARD    ,5.3
360719,BKPLPE4,BACK PLATE FOR U GUARD STANDARD 4IN X 10FT,ELE15,3UGUARD    ,6.79
360723,PE-4UG10,U GUARD RISER POLE STANDARD POLYETHYLENE 4IN X 10FT,ELE15,3UGUARD    ,23.46
360724,PE-5UG10,U GUARD RISER POLE STANDARD POLYETHYLENE 5IN X 10FT,ELE15,3UGUARD    ,36.35
360725,PEAD2-3V,BOOT RISER VENT 2IN TO 3IN,ELE15,3UGUARD    ,0
360726,PEAD4-6V,BOOT RISER VENT 4IN TO 6IN,ELE15,3UGUARD    ,0
360727,END BELL PVC 2,END BELL FOR 2IN PVC (59678),ATK01,3CONDUFITT ,3.32
360729,END BELL PVC 4,END BELL FOR 4IN PVC (59682),ATK01,3CONDUFITT ,5.34
360730,E997P,END BELL FOR 5IN PVC,UTI07,3CONDUFITT ,8.17
360731,PKKSTAK001,"STAKE PEDESTAL 40"" X 1-1/2""",ADV07,3PEDESTAL  ,0
360733,PVI21-386-043,SWITCHGEAR PADMOUNT 27KV 2S- NO LOAD,GWE02,3SWITCHURD ,0
360737,BARE CU 4 SOL SD 25LB SPL,4 AWG BARE SD CU SOLID 25LB SPOOL (200' PROX),SER02,3WIREBAREC ,7.55
360737,BRENAU 1000FT NRR,1/0 AWG AL TRIPLEX 1/0-1/0-2 URD 1000FT 40X24X17 NRR,CME02,3WIREUDSEC ,1.5
360742,TAF-150-36 08-10,"ANCHOR DOUBLE HELIX 8"" & 10""  1-1/2IN  X 3FT SQ SHAFT",EAR04,3ANCHOR    ,112.12
360742,TARN-625-842,ROD ANCHOR 5/8 X 7 PISA W/TWINEYE NUT,EAR04,3ANCHORROD ,25.74
360743,8710,BOLT MACHINE GALV 1/2 X 10,POW06,3BOLTWSHR  ,1.35
360744,8712,BOLT MACHINE GALV 1/2 X 12,POW06,3BOLTWSHR  ,1.6
360749,1SBH20V4,STANDOFF FG 1PH 20IN 15 DEG VERT PIN 1-3/8IN THREAD 2IN ROD,TEC05,3FIBBRKTS  ,75.22
360752,IDB096G12242,DEADEND FG 8FT 4X 6 2 WIRE LEWTEX 8FT GRAY,SHA10,3FIBARMDE  ,254.69
360757,501,SIDEWALK GUY POLE END PLATE FOR 2IN PIPE,CIT05,3BRACKET   ,15.41
360757,SGF-2P,GUY SIDEWALK POLE PLATE FOR 2IN PIPE,LIN05,3BRACKET   ,10.85
360758,502,GUY FITTING SIDESIDEWALK GUY END FITTING W/ 1 CLAMP FOR 2IN PIPEWALK POLE PLATE GALV.,WES08,3BRACKET   ,15.41
360759,GEP6,PLATE POLE EYE 3/4IN TOP MTG BOLT 2 EA 3/4IN BOTTOM MTG HOLES,ARK05,3BRACKET   ,2.72
360759,PEP-66-45,PLATE POLE EYE 3/4IN MTG BOLT 21000LB,MAC10,3BRACKET   ,9.79
360760,TB300012005X2,TANGENT FG 10FT 3-5/8 X 4-5/8 CNTR MNT W/ INSERTS RUS 05 GRAY,GEO08,3FIBARMTAN ,241.35
360761,CF694-12R,INSULATOR GUY STRAIN 12IN 21K CLEVIS-CLEVIS/ROLLER,HUG08,3FIBGUYSTN ,0
360762,TAP02CUSTR-03,2 AWG CU 19 STR SD HENDRIX TAP WIRE 750FT NRR TPR COVER,HEN03,3WIRERISER ,0
360780,CREO651W,POLE WOOD 65FT CL 1 CREOSOTE,209,2MFGCREPOL ,13.4
360783,CAP BANK SW 25KV 600KVAR,CAPACITOR BANK SWITCHED 25KV 600KVAR,GEG02,3CAPBANK   ,6909.88
360789,WCY75PB,CONNECTOR WEJTAP 336-795 TO 477-556 W/ SHELL,FCI02,3CONNSHOOT ,0
360790,2GUA072200D220,CAPACITOR 200KVAR 7200V 2 BUSH 95KV BIL,ABB07,3CAPACITOR ,633.23
360796,58L106WC70,CAPACITOR 200KVAR 7200V 2 BUSH 95KV BIL,GEG02,3CAPACITOR ,514.37
360803,75 DV-480/240 3PH PAD,PAD 75 KVA 14400X7200 480 MID TAP 240 3PH W/ TAPS +/- 2.5%,ERM02,3TRANURD3P ,6396.3
360804,IPCS2001,CONNECTOR METER INSULATOR PIERCING INSTALLATION A-2/0-#4 B#10-14,GES02,3CONNMECH  ,0
360810,WP-125-2-A,ARM STREET LIGHT AL 1-1/4IN X 2FT FOR WOOD POLE MOUNTING,SAL09,3LGHTARM   ,29.43
360833,ICS78-1,SPLICE 1/0-1/0 INSULATED,THO05,3CONNCOMP  ,0.45
360843,TR65,SPLICE NEUTRAL 1/0 SEMI-TENSION,THO05,3CONNCOMP  ,1.04
360844,100 DV-240/120 PAD T1,PAD 100 KVA 14400X7200 240/120 1PH TYPE 1/MAXI,GEP01,3TRANURD1P ,3577.78
360871,FP283A-1-180-N-N-N,PHOTOCELL POWEREYE ADAPTER CABLE 15FT,SUN08,3LGHTPE    ,0
360872,1012626,PEDESTAL METER 2 POSITION 200A,DUR03,3SOCKETS   ,0
360876,U5136-0-200S,PEDESTAL METER SINGLE 200A 4T W/200A UQFPH-M-200 MB & 4 CIR LC,MIL07,3SOCKETS   ,554.44
360880,AHD-18D-XGX-XDX-1X,ARRESTER 18KV HD OFF THE POLE  NO GROUND TERMINATION,ALU01,3ARRESTDIS ,74.65
360884,SNG66,SPLICE NEUTRAL #6 SEMI-TENSION,THO05,3CONNCOMP  ,1.03
360888,IGN-2L-14-OP-200/400-J5,HPS STARTER REPLACEMENT 3 LEADS,ACU03,3LGHTPART  ,0
360896,YC28C2,C-TAP 3/0SOL - 4/0STR RUN 1/0SOL - 2/0STR TAP,FCI02,3CONNCOMP  ,5.5
360898,L600N,LUG COMPRESSION 600 2H CU TP,THO05,3CONNCOMP  ,10.72
360899,DLA355,LUG SET SCREW #6-350 2H,CMC01,3CONNMECH  ,0
360899,TSC4-6,ADAPTER TRANS SPADE 6H 3/8IN PLATE,THO05,3CONNURDSE ,37.16
360900,BBLU050D,LUG COMPRESSION 500 2H CU,PEN04,3CONNCOMP  ,8.97
360901,AL4/0NTN,LUG COMPRESSION 4/0 2H AL/ CU TIN PLATED,THO05,3CONNCOMP  ,5.89
360902,10014,CONNECTOR BARREL 500MCM UP TO 35KV,3M002,3CONNCOMP  ,8.41
360903,AL800NTN,LUG COMPRESSION 800MCM 2H AL/CU TIN PLATED,THO05,3CONNCOMP  ,12.78
360905,HDL500NTN,LUG COMPRESSION 500 2H CU HEAVY DUTY TIN PLATED,THO05,3CONNCOMP  ,33.07
360906,AL18,LUG COMPRESSION 266-336ACSR 2 HOLE AL/CU EXTENDED BARREL,THO05,3CONNCOMP  ,8.67
360914,DP10A2,ADAPTER TRANSFORMER 5/8 BOLT TO 1-3/8IN NYLON THREAD 5IN LENGTH,COO02,3PINHDWE   ,8.15
360914,DP1A2,ADAPTER TRANSFORMER LEAD 5/8 BOLT TO 1-3/8IN LEAD THREAD 5IN LENGTH,ELE05,3PINHDWE   ,21.6
360914,J2841,ADAPTER TRANSFORMER LEAD 5/8 BOLT TO 1-3/8IN LEAD THREAD 5IN LENGTH,MAC10,3PINHDWE   ,10.04
360921,A6004812-2,VT PACK FOR 480V RATIO 4:1 3PH CITY OF GEORGETOWN SPEC,TST02,3CTVTPT    ,0
360921,SC4726-XL-121-TSTM,SOCKET METER 20A CT RATED PRE-WIRED RL CITY OF GEORGETOWN,MIL07,3SOCKETS   ,0
360922,A6003012,VT PACK FOR 480/277 4 WIRE WYE 2.5:1 12.5VA,TST02,3CTVTPT    ,574.07
360925,AL750NTN,LUG COMPRESSION 750MCM 2H AL/CU TIN PLATED,THO05,3CONNCOMP  ,12.49
360926,TTD0810XF,CONNECTOR INSULATION PIERCING 3/0 - 750 RUN #14 - #10 TAP,SIC02,3CONNCOMP  ,11.76
360931,683-3660-T177 6T,TRANSOCKET 600A 6T 1PH,CIT05,3SOCKETS   ,0
360934,LG3638CA004L,LID PULL BOX 36X72,3-May,3HANDHOLE  ,0
360937,1001585,VAULT 4FT X 8FT X 48IN X 5 BOTTOM W 12 X 12 FRAME GATE DOOR AND TAG PAINTED,OLD03,3XFRMRPAD  ,7277.78
360948,LU250 MOGUL,BULB 250W HPS MOG BASE S50 ET18 CLEAR,HOW02,3LGHTLAMP  ,7.4
360950,4000358C03B,FUSE BAYONET LOAD SENSING 3A,COO02,3FUSE      ,18.52
360950,9F54LFC030,FUSE BAYONET LOAD SENSING 3A (300011-20),ECI02,3FUSE      ,10.92
360951,12525SCAMT1R3FGAR10932,FIXTUREHPS  ROADWAY COBRAHEAD 250W MULTIVOLT,ACU03,3LGHTHID   ,0
360952,9F54LFC080,FUSE BAYONET LOAD SENSING 15A (300011-22),ECI02,3FUSE      ,11.4
360954,9F54LFC120,FUSE BAYONET LOAD SENSING 50A (300011-24),ECI02,3FUSE      ,11.54
360955,9F54MFC140,FUSE BAYONET FAULT/CURRENT SENSING 65A C14 (300010-24),ECI02,3FUSE      ,12.32
360956,4000358C05B,FUSE BAYONET LOAD SENSING 8A,COO02,3FUSE      ,13.61
360960,KLKR10A,FUSE 10A 600V MIDGET FAST ACTING LITTLEFUSE,CIT05,3FUSE      ,10.11
360961,FNM-15,FUSE 15A 250V MIDGET TIME DELAY BUSSMAN,COO02,3FUSE      ,4.6
360961,KLKR15A,FUSE 15A 600V MIDGET FAST ACTING LITTLEFUSE,CIT05,3FUSE      ,10.11
360962,KLKR30A,FUSE 30A 600V MIDGET FAST ACTING LITTLEFUSE,CIT05,3FUSE      ,10.11
360998,5456A-4/0-AL,3M COLD SHRINK IN LINE SPLICE KIT 25/28KV 4/0  AWG - 250KCMIL QSIII,3M002,3TERMINATO ,0
360999,CI-4/0,SPLICE COMPRESSION 4/0 STR FOR MOLDED RUBBER SPLICES,3M002,3CONNCOMP  ,0
361001,5421,SPLICE 1/0 25KV INLINE KIT,3M002,3TERMINATO ,185.98
361002,5452-CI-4/0,SPLICE 25KV 4/0 W/ CONNECTOR,3M002,3TERMINATO ,57.04
361004,35-PURPLE-3/4X66FT,TAPE CODING/PHASING PURPLE 3/4 X 66FT,3M002,3TAPE      ,4.9
361008,88 SUPER 1-1/2X 44FT,TAPE ELECTRICAL 1-1/2IN X 44FT 8.5MIL,3M002,3TAPE      ,7.97
361009,35-YELLOW-3/4X66FT,TAPE CODING/PHASING YELLOW 3/4 X 66FT,3M002,3TAPE      ,4.91
361011,35-RED-3/4X66FT,TAPE CODING/PHASING RED 3/4 X 66FT,3M002,3TAPE      ,4.83
361013,35-BLUE-3/4X66FT,TAPE CODING/PHASING BLUE 3/4 X 66FT,3M002,3TAPE      ,4.97
361016,TCB-3640-OB,BAG SPILL CONTAINMENT TRANSFORMER 75-167 KVA,AND06,3SAFETY    ,89.2
361017,SHOCKDAN/PELIGROSO,LABEL DANGER KEEP OUT! BILINGUAL 11X5IN,209,3SIGNS     ,0
361019,5H898,PAINT AEROSOL SAFETY YELLOW ENAMEL 15OZ,GRA02,3AEROSOL   ,0
361022,8826,BOLT MACHINE GALV 5/8 X 26,CIT05,3BOLTWSHR  ,0
361023,8877,BOLT DOUBLE ARMING GALV 5/8 X 28,POW06,3BOLTWSHR  ,4.09
361024,37-BLACK-1-1/2X66,TAPE ELECTRICAL 1-1/2IN X 66FT,3M002,3TAPE      ,4.54
361026,8509900,BARREL LOCK F LEDLOY,EJB02,3SEALS     ,1.48
361030,8878,BOLT DOUBLE ARMING GALV 5/8 X 30,POW06,3BOLTWSHR  ,5.24
361034,AF8716,BOLT MACHINE GALV 1/2 X 16,ALU01,3BOLTWSHR  ,2.95
361122,GA9040GAA,CONN GA VISE 2 ACSR - 4/0 ACSR,TEC05,3CONNMECH  ,24.83
361126,APC18,CONN GA VISE 336 ACSR - 795 ACSR,RIC06,3CONNMECH  ,43.07
361126,GA9820GAA,CONN GA VISE 336 ACSR - 795 ACSR,TEC05,3CONNMECH  ,70.24
361199,4733R10-E-D2G,SWITCH DISCONNECT 25KV 900A LOADBUSTER,SCE03,3SWITCH1PH ,556.73
361210,5458A-1000-AL,SPLICE 25KV 1000MCM,3M002,3TERMINATO ,425.32
361211,7655-S-4,TERMINATOR COLD SHRINK 500-1000MCM 15KV 250-800MCM 25KV,3M002,3TERMINATO ,182.04
361212,625BTN41TJ,ELBOW 25KV 600A W/TEST POINT W/SK,CIT05,3MLDRUBBER ,0
361212,K656CETP-P0410-DRG,KIT URD T-BODY 25KV 600A 200A 1000MCM TAP AND CAP,THO05,3MLDRUBBER ,390.1
361214,GC-5006,CONNECTOR VISE TYPE BRONZE  HEX HEAD #8-#6,CIT05,3CONNMECH  ,0
361215,GC-5040,CONNECTOR VISE TYPE BRONZE  HEX HEAD #1-4/0,CIT05,3CONNMECH  ,0
361750,8920,BOLT MACHINE GALV 3/4 X 20,MAC10,3BOLTWSHR  ,3.77
361751,4326,PIN XARM GALV 3/4 X 7 X 1-3/8,CIT05,3PINHDWE   ,18.88
361751,P631,PIN XARM GALV 3/4 X 8 X 1-3/8 SHORT SHANK,POW06,3PINHDWE   ,14.48
361752,55-7,INSULATOR PIN J NECK 35KV 55-7 1-3/8IN PORCELAIN (128/PALLET),POW06,3INSULPORC ,20.39
361758,8890,BOLT DOUBLE ARMING GALV 3/4 X 20,POW06,3BOLTWSHR  ,4.02
361763,8897,BOLT DOUBLE ARMING GALV 3/4 X 28,ALU01,3BOLTWSHR  ,9.12
361764,8924,BOLT MACHINE GALV 3/4 X 24,POW06,3BOLTWSHR  ,4.26
361805,RBC-200,CLAMP GUY BONDING 5/8-1 ANCHOR ROD TWINEYE,LIN05,3CONNMECH  ,1.4
361979,CT24BK175-L,TIE ZIP 24IN BLACK 175LB HEAVY DUTY,3M002,3FASTENERS ,0.65
361980,36J150A,"CABLE TIES 7.9"" 50LB STRENGTH BLK (POWER 1ST)PACK 100",CIT05,3WIRETIE   ,0
361982,ELBOW PVC 4X90X48R,ELBOW PVC 4IN 90 DEGREE 48IN RADIUS BE (817088),ATK01,3CONDUFITT ,36.01
361989,3906-TB,"CONNECTOR GROUNDING CLAMP 4 4/0 TO 6"" PIPE",THO05,3CONNMECH  ,0
361990,ELBOW STL 6X90X60R,ELBOW RIGID 6IN 90 DEGREE 60IN RADIUS,ECN01,3CONDUFITT ,547.5
361997,ELBOW STL 4X90X36R,ELBOW RIGID 4IN 90 DEGREE 36IN RADIUS,ECN01,3CONDUFITT ,182.54
361998,ELBOW PVC 4X90X24R,ELBOW PVC 4IN 90 DEGREE 24IN RADIUS BELLED END (864957),ATK01,3CONDUFITT ,27.08
361999,COUPLING PVC 6 LG,COUPLING PVC 6IN LONG LINE W/ CENTER STOP (925116),ATK01,3CONDUFITT ,20.93
361999,END BELL PVC 6,END BELL FOR 6IN PVC (610348),ATK01,3CONDUFITT ,6.83
362000,CONDUIT STL 2,CONDUIT GALV RIGID 2IN X 10FT (2100LB PER LIFT),ATK01,3CONDUPIPE ,12.04
362001,ELBOW STL 3X45X48R,ELBOW RIGID 3IN 45 DEGREE 48IN RADIUS,ECN01,3CONDUPIPE ,154.32
362004,ELBOW STL 3X90X48R,ELBOW RIGID 3IN 90 DEGREE 48IN RADIUS,ATK01,3CONDUFITT ,0
362013,END BELL PVC 3,END BELL FOR 3IN PVC (59680),ATK01,3CONDUFITT ,3.52
362015,ELBOW PVC 1X90XSTDR,ELBOW PVC 1IN 90 DEGREE STANDARD RADIUS BELLED END SCH 40 802754,ATK01,3CONDUFITT ,1.72
362016,ELBOW STL 4X90X48R,ELBOW RIGID 4IN 90 DEGREE 48IN RADIUS,ECN01,3CONDUFITT ,238.15
362017,ELBOW PVC 4X45X48 DB/EB,ELBOW PVC 4IN 45 DEGREE 48IN RADIUS BELLED END DB/EB (924648),WES08,3CONDUFITT ,12.39
362019,RK11517MSCMT1,BALLAST KIT FOR AEL FIXTURE ROADWAY 115,ACU03,3LGHTHID   ,0
362023,71A8473-001D,BALLAST KIT CORE AND COIL 1-400W HPS 120/208/240/277 60HZ,PHI05,3LGHTHID   ,0
362028,"ELBOW PVC 6""X22.5X36R BE",ELBOW PVC 6IN 22.5 DEGREE 36IN RADIUS BELLED END (882795),ATK01,3CONDUFITT ,41.55
362030,HC406,FITTING COMPRESSION 2IN RIFIG CONNECTOR MALLEABLE,THO05,3CONDUFITT ,0
362031,HC408,FITTING COMPRESSION 3IN RIFIG CONNECTOR MALLEABLE,THO05,3CONDUFITT ,0
362032,1218 HUBBELL,"BUSHING GROUNDING 2"" WIRE SIZE #2 STR - 14 SOL",CIT05,3CONDUFITT ,0
362038,S288LLN,SPACER BASE 3IN X 3IN,THO05,3CONDUFITT ,0.79
362039,S289JLN,SPACER INTERMEDIATE 2IN X 3IN,THO05,3CONDUFITT ,0.7
362039,SPACER INTERMEDIATE 2 INCH,SPACER INTERMEDIATE FOR 2IN CONDUIT W/2IN SEPARATION (1521),ATK01,3CONDUFITT ,1.13
362040,ELBOW STL 6X45X36R,ELBOW RIGID 6IN 45 DEGREE 36IN RADIUS,ECN01,3CONDUFITT ,432.1
362041,S289LLN,SPACER INTERMEDIATE 3IN X 3IN,THO05,3CONDUFITT ,0.79
362044,RA14,"CABLE RACK ARM 14""",UND02,3BRACKET   ,41.1
362045,RA20,"ARM RACK 20"" HVY DTY NON-METALLIC FOR CR36B STANCHION",UND02,3BRACKET   ,66.52
362046,HDL LOCKING CLIP,CLIP LOCKING FOR CABLE RACK,UND02,3BRACKET   ,1.73
362047,ELBOW PVC 4X45X24R,ELBOW PVC 4IN 45 DEGREE 24IN RADIUS BELLED END (864375),ATK01,3CONDUFITT ,12.12
362053,S289NLN,SPACER INTERMEDIATE 4IN X 3IN,CAR07,3CONDUFITT ,1.05
362057,J2840Z,ADAPTER TRANSFORMER LEAD 5/8 BOLT TO 1IN NYLON THREAD 5IN LENGTH,MAC10,3PINHDWE   ,9.44
362060,25031,STRAP CONDUIT STEEL 1-1/2IN 2H,HUG08,3CONDUFITT ,0
362061,CONDUIT STL 4,CONDUIT GALV RIGID 4IN X 10FT (GRC4),ATK01,3CONDUPIPE ,34.22
362062,CONDUIT STL 6,CONDUIT GALV RIGID 6IN X 10FT,ATK01,3CONDUPIPE ,87.58
362078,LR6-3.50,GRIP CONDUIT RISER TYPE 4.5-5.5 FOR 6IN CONDUIT,LEW02,3GRIPS     ,63.26
362081,LR4-2.50,GRIP CONDUIT RISER TYPE 2-1/2 - 3-1/2 FOR 4IN CONDUUIT,LEW02,3GRIPS     ,48.1
362084,HAND HOLE COVER SUN CITY,HAND HOLE COVER SUN CITY STREET LIGHT CONCRETE CITY OF GTOWN,CIT05,3LGHTPART  ,0
362089,HC502SS,BOLT HEX CAP 1/2 X 2 STAINLESS STEEL,ALL15,3FASTENERS ,0.61
362091,CC4040,C-TAP 3/0 SOL - 4/0 STR  CU RUN AND TAP,THO05,3CONNCOMP  ,4.22
362095,N5013SS,NUT HEX 1/2IN STAINLESS STEEL,ALL15,3FASTENERS ,0.2
362097,60406 ANCHOR,ANCHOR DROP-IN 1/2-13 STEEL FOR CONCRETE,MIN03,3FASTENERS ,1.42
362101,12 CU SOL THHN YEL 500FT NRR,12 AWG CU SOLID THHN YELLOW 600V 500FT NRR,CME02,3WIRE600VC ,0.21
362102,12 CU SOL THHN WHT 500FT,12 AWG CU SOLID THHN WHITE 600V 500FT NRR,CME02,3WIRE600VC ,0.2
362103,12 CU SOL THHN BLK 500FT NRR,12 AWG CU SOLID THHN BLACK 600V 500FT NRR,CME02,3WIRE600VC ,0.2
362106,12 CU SOL THHN GRN 500FT NRR,12 AWG CU SOLID THHN GREEN 600V 500FT NRR,CME02,3WIRE600VC ,0.21
362110,14 CU STR THHN GRN 500FT NRR,14 AWG CU STR THHN GREEN 500FT NRR,CME02,3WIRE600VC ,0
362111,12 CU SOL THHN BRN 500FT NRR,12 AWG CU SOLID THHN BROWN 600V 500FT NRR,CME02,3WIRE600VC ,0.1
362138,PLUG PVC CONDUIT 6,PLUG PVC 6IN CONDUIT W/ PULL TAB (59657),ATK01,3CONDUFITT ,1.9
362150,1/0 CU STR THHN BLK 500FT NRR,1/0 AWG CU 19 STR THHN BLK 600V 500FT NRR,CME02,3WIRE600VC ,3.26
362154,2 CU STR THHN BLK 500FT NRR,2 AWG CU 19 STR THHN BLK 600V 500FT NRR,CME02,3WIRE600VC ,2.36
362155,4/0 CU STR THHN BLK 500FT NRR,4/0 AWG CU 19 STR THHN BLK 600V 500FT NRR,CME02,3WIRE600VC ,6.36
362170,A1200HS10PG,CHANNEL UNISTRUT 1-5/8 X 1-1/58 GALV 10FT HS,ELL02,3BRACKET   ,3.3
362171,ATR58,ALL THREAD ROD 5/8IN X 10FT GALVANIZED,FAS04,3FASTENERS ,24.08
362172,8563,NUT SQUARE GALV 5/8,MAC10,3BOLTWSHR  ,0.37
362173,SK325I,UNISTRUT RIGID CLAMP 2IN,DEA02,3BRACKET   ,1.14
362175,PS 1100 6,STRAP STRUT 6IN,CIT05,3FASTENERS ,0
362180,N5013HDG,NUT HEX 1/2IN HOT DIPPED GALVANIZED,ALL15,3FASTENERS ,0.07
362226,2702A1,INSERT 25KV FEED-THRU,THO05,3MLDRUBBER ,293.31
362227,CPG27LD-200A-125-CB-10KA,CUTOUT LOADBREAK 27KV 200A HD 125 BIL W/ PG CONN & BRKT 10KAIC,ALU01,3CUTOUTPRC ,165.7
362451,2064,CLEANER DEGREASER CABLE NON-CHLOR 20OZ AEROSOL,CRC01,3CLEANER   ,25.63
363401,92350-001,CURRENT TRANSFORMER 600V 200:5 OVH ITRON TYPE R6SA,TEX143,3CTVTPT    ,88.89
363456,10-091,WAX HOT STICK AND BOOM 14OZ,HAS02,3TOOL      ,22.73
364074,A7551,HUB METER SOCKET SMALL CLOSING PLATE,MIL07,3SOCKETS   ,3.38
364100,DST-0350,TIE DOUBLE SUPPORT J NECK  #4 .245 - .277 14IN ORANGE,PRE12,3FMDWIRE   ,13.66
364101,UTJ-1310,TIE DISTRIBUTION J NECK 336.4 18/1 336.4 & 397.5 19STR .666 - .755 33IN BROWN,PRE12,3FMDWIRE   ,7.95
364108,UTJ-1313,TIE DISTRIBUTION J NECK 795 .969 - 1.096 39IN GREEN,PRE12,3FMDWIRE   ,9.16
364110,SPL1352P,TIE SPOOL #4 .245 - .277 19IN ORANGE,PRE12,3FMDWIRE   ,2.6
364112,DBST-1311,TIE DOUBLE SIDE J NECK  795 .969 - 1.096 23IN GREEN,PRE12,3FMDWIRE   ,14.54
364113,SPL1360P,TIE SPOOL 336 .666 - .755 25IN BROWN,PRE12,3FMDWIRE   ,4.96
364114,DST0361,TIE DOUBLE SUPPORT J NECK  795 .969 - 1.096 23IN GREEN,PRE12,3FMDWIRE   ,25.97
364120,STJ1505P,TIE SIDE J NECK  1/0 .358 - .405 26IN YELLOW,PRE12,3FMDWIRE   ,6.21
364125,DBST1303 TIE DOUBLE SIDE,TIE DOUBLE SIDE J NECK  1/0 .358 - .405 21IN YELLOW,PRE12,3FMDWIRE   ,7.61
364126,DBST-1308,TIE DOUBLE SIDE J NECK  336 .666 - .755 25IN BROWN,PRE12,3FMDWIRE   ,12.38
364130,DST0353 TIE DOUBLE SUPT,TIE DOUBLE SUPPORT J NECK  1/0 .358 - .405 15IN YELLOW,PRE12,3FMDWIRE   ,15.31
364131,DST0357,TIE DOUBLE SUPPORT J NECK  336 .589  - .665 18IN PURPLE,PRE12,3FMDWIRE   ,26.35
364131,DST0358,TIE DOUBLE SUPPORT J NECK  336 .666 - .755 19IN BROWN,PRE12,3FMDWIRE   ,21.23
366901,ZFCWM000000,METER FOCUS RS2 FM 2S CL200 240V CITY OF GTOWN,CIT05,3METER     ,0
366912,ZD3310P8082,METER A3TL W/ EA LAN 16S CLASS 200A,LEI02,3METER     ,274.07
366913,ZD3310P8202,METER FOCUS A3TL FM 16S (15S) CL200 120-480V CITY OF GTOWN,CIT05,3METER     ,0
366914,ZD2200P8082,METER FOCUS A3TL FM 35S CL20 120-480V CITY OF GTOWN,CIT05,3METER     ,0
366918,ZHCW4A00004-ZN11407,METER REXU 2S CL200 WITH EA_LAN INTERFACE AND REMOTE DISCONNECT,CIT05,3METER     ,0
366923,ZHC44000004,METER FOCUS RU FM 2S CL320 240V CITY OF GTOWN,CIT05,3METER     ,0
366927,ZF5WK000000,METER FOCUS RS2 FM 12S CL200 120V CITY OF GTOWN,CIT05,3METER     ,0
366928,ZD5310P8082,METER A3TL W/ EA LAN 12S CLASS 200A,LEI02,3METER     ,274.07
366932,EJPA,PADLOCK ADAPTER ECLIPSE JR. KIT FOR METERS (HAMMOND MFG) BUL10264,CIT05,3METER     ,0
366935,EAC0M07DM85,METER EA MODULAR GATEKEEPER W/ REMOTE ANT READY ETHERNET BATTERY POLYCARB NENMX,209,3METER     ,5555.56
366940,ZD3310P80L4,METER FOCUS A3RL FM 16S(15S) CL200 120-480V CITY OF GTOWN,CIT05,3METER     ,0
366941,ZD3410P80L4,METER FOCUS A3RL FM 16S(15S) CL320 120-480V CITY OF GTOWN,CIT05,3METER     ,0
369030,5503613-2,ST CONNECTOR KIT SIMPLEX SINGLEMODE OPTIMATE YELLOW,TYC02,3FIBERMISC ,0
RISER 4/0 STR CU 500FT NRR,RISER 4/0 STR CU 500FT NRR,4/0  CU 19 STR XLP RISER 500FT NRR,NEH02,3WIRERISER ,5.75
360552,9114S,BRACKET XFMR SECONDARY LEAD W/ ANSI 53-2 INSULATOR & CLAMP,ARK05,3BRACKET   ,14.84
360270,UT-H4233A,SOCKET METER 200A 1P ST,DUR03,3SOCKETS   ,0
360319,HGSE020,LUG TRANSFORMER GROUND 8 SOL - 2/0 STR 2 WAY BASKET,PEN04,3CONNMECH  ,6.59
360442,U1080SYB-120-2,"LABEL LETTER-1IN TALL '2""  YELLOW ON BLACK SHEET",UTI05,3SIGNS     ,0
360049,RUTGERS 1000FT NRR,350 MCM AL 37STR XLP USE-2 1 COND 1000FT 32X24 NRR,CME02,3WIREUDSEC ,0.9
360274,CMW58,LOCKWASHER DOUBLE COIL FOR 5/8 BOLT,CIT05,3BOLTWSHR  ,0
361765,XDB144G12242,DEADEND FG 12FT 7-1/2 X 4,SHA10,3FIBARMDE  ,0
361018,TFS-085-HD,SACK TRANSFORMER 46X36X30 FOR PDMT,AND06,3SAFETY    ,185.32
360203,WCY56,CONNECTOR WEJTAP 397.5-4/0 TO 397.5-4/0,FCI02,3CONNSHOOT ,22
360728,"U-GUARD 36"" X 16"" VENT BOOT","BOOT RISER VENT 6 U-GUARD 36"" X 16""",CIT05,3UGUARD    ,0
361601,3 DV-120/240 2B,CONV 3 KVA 14400X7200 120/240 2 BUSHING W/TAPS,GEP01,3TRANOH    ,793.83
362174,SK645I,UNISTRUT RIGID CLAMP 4IN,DEA02,3BRACKET   ,0
361980,775464,TIE ZIP 7.6IN 50LB RATED BLACK (100/PACK),FAS04,3FASTENERS ,0.26
362142,COUPLING PVC 6,COUPLING PVC 6IN (59612),ATK01,3CONDUFITT ,6
360134,8876,BOLT DOUBLE ARMING GALV 5/8 X 26 J8876,MAC10,3BOLTWSHR  ,6.54
360401,12 CU STR THHN BLK 500FT NRR,12 AWG CU STR THHN BLK 600V 500FT NRR,CME02,3WIRE600VC ,0.23
360720,BKPLPE5,BACK PLATE FOR U GUARD STANDARD 5IN X 10FT,ELE15,3UGUARD    ,5.33
360052,500 25KV CU 1C EPR 1/3N 2500,500 25KV CU STR EPR 260MIL 1/3N NRR,CME02,3WIREMV    ,12.72
360382,11510SCAMT1R3FGRFD54130,FIXTURE ROADWAY COBRAHEAD 100W HPS MULTI-TAP FOREST GREEN,ACU03,3LGHTHID   ,0
360193,WR159,H-TAP #2-#6 RUN & TAP,THO05,3CONNCOMP  ,0.5
361006,35-GREY-3/4X66FT,TAPE CODING/PHASING GREY 3/4 X 66FT,ARK05,3TAPE      ,4.87
360047,77-3INX20FT,TAPE ELECTRICAL 3INX20FT BLK,3M002,3TAPE      ,29.5
360461,STK4A,STRAP KIT 4IN,ALU01,3BRACKET   ,6.25
360085,2000 DV-480/277 3PH PAD,PAD 2000 KVA 14400X7200 480/277 3PH W/ TAPS +/- 2.5%,GEP01,3TRANURD3P ,69272.84
360752,IDB096G12242AE,DEADEND FG 8FT 4X 6 2 WIRE 8FT GRAY,CIT05,3FIBARMDE  ,0
362097,RL-12,ANCHOR DROP-IN 1/2-13 X 2IN NO FLANGE,ALL15,3FASTENERS ,0.85
362096,755054,LOCKWASHER SPLIT STAINLESS STEEL 1/2,ALL15,3FASTENERS ,0.35
361015,TFS-055 ES,"SACK TRANSFORMER 25"" X 56"" ORANGE POLE MOUNT EXTREME SAC",AND06,3SAFETY    ,79.1
360953,9F54LFC100,FUSE BAYONET LOAD SENSING 25A (300011-23),ECI02,3FUSE      ,11.62
360241,AAC301,CLAMP ANGLE #4 - 397.5  .23IN - .75IN,ARK05,3DESHOES   ,24.91
360884,PNK44,SPLICE NEUTRAL #6 ALUM ACSR,CIT05,3CONNCOMP  ,2.4
361005,35-BROWN-3/4X66FT,TAPE CODING/PHASING BROWN 3/4 X 66FT,3M002,3TAPE      ,4.82
360750,455 HUBBELL,"CLEVIS DEADEND W/ 5/8 PIN FOR GUYS 11/16X13/16"" MOUNT BOLT HOLE",CIT05,3CLEVIS    ,0
360093,25 DV-277/480 2B ARR,CONV 25 KVA 14400X7200 277/480 2 BUSHING W/ 18KV ARRESTER,GEP01,3TRANOH    ,1225.1
360523,UT-H7339U,SOCKET METER 320A 7T OH/UG DUAL 350MCM LUGS,DUR03,3SOCKETS   ,298.39
364000,1TPRI0400,FAULT INDICATOR UG TEST POINT 25KV 200A,SCH08,3FAULTIND  ,0
360037,7652-S-4-1/0-GUS,TERMINATOR COLD SHRINK 15/25KV 1/0 CONNECTOR W/ BRKT & RISER BOOT,3M002,3TERMINATO ,0
362160,350 CU STR THHN 500FT,350 MCM CU 37STR THHN 600V BLACK 500FT NRR,CME02,3WIRE600VC ,8.26
366911,ZD3210P8082,METER FOCUS A3TL FM 9S (8S) CL20 120-480 CITY OF GTOWN,CIT05,3METER     ,0
360279,U7040-RL-TG,SOCKET METER 200A 4T OH/UG SMALL HUB OPENING & TRIPLEX GROUND,MIL07,3SOCKETS   ,47.93
360168,CA2200,BREAKER CIRCUIT 200A 2 POLE 240 VAC (CUTLER-HAMMER),CIT05,3SOCKETS   ,0
360054,WAKE FOREST 1000FT NRR,4/0 AWG AL QUAD 4/0-4/0-4/0-2/0 URD 1000FT 50X32X24 NRR,CME02,3WIREUDSEC ,2.81
360805,1000 14.4-480/277 3PH PAD,PAD 1000 KVA 14400 480/277 3PH,GEP01,3TRANURD3P ,22104.53
360030,273DRG,CAP INSULATED PROTECTIVE 25KV W/ GROUND LEAD [NEW PN: 273DRG(3)],THO05,3MLDRUBBER ,39.3
360481,25 14.4-120/240 2B,CONV 25 KVA 14400 120/240 2 BUSHING,GEP01,3TRANOH    ,966.48
,1000 25KV AL 1C EPR 1/3N 2500,1000MCM 25KV AL STR EPR 260MIL 1/3N 2500FT MASTER REEL,CME02,3WIREMV    ,12.79
360100,CSW6500SLC,"CONNECTOR TRAN STUD 1""STUD 6-OUT #6-500MCM W/BOOT",THO05,3CONNURDSE ,22.4
360014,DELGADO 1000FT NRR,4 AWG AL DUPLEX FULL NEU URD 1000FT NRR,CME02,3WIREUDSEC ,0.44
361993,E997R,BELL END 6 INCH PVC,UTI07,3CONDUFITT ,16237.04
360364,B2218-B4,DEADEND 3-5/8 X 9-1/2 X 10',CIT05,3XARMWOOD  ,0
361996,ELBOW PVC 6X90X48R,ELBOW PVC 6IN 90 DEGREE 48IN RADIUS BELLED END (873695),ATK01,3CONDUFITT ,93.93
360087,25 DV-120/240 1B,CONV 25 KVA 14400X7200 120/240 1 BUSHING,GEP01,3TRANOH    ,1189.99
360211,WCY49,CONNECTOR WEJTAP 336 ACSR - #4 ACSR,FCI02,3CONNSHOOT ,14.2
360785,M3C259B,SWITCH DISC 25KV 900A,CIT05,3SWITCH1PH ,0
360922,WH-GRTWN-7,WIRE HARNESS CITY OF GEORGETOWN 360922/A6003012,RIT03,3RELAYCTRL ,0
360302,GL1385A,SPLICE AUTO 795 AAC,ARK05,3CONNAUTO  ,70.76
360403,HCSC502002H,BOLT HEX CAP 1/2 X 2 GALV,ALL15,3FASTENERS ,0.41
362015,ELBOW PVC 1IN 90 DEG,ELBOW PVC 1IN 90 DEGREE STANDARD RADIUS 5.75IN BE (59590),ATK01,3CONDUFITT ,1.33
360362,LINNET 3795LB NRR,336.4 MCM ACSR 26/7 3795LB 60X28X28 NRR (8205' PROX),CME02,3WIREBAREA ,2.36
360779,CREO601W,POLE WOOD 60FT CL 1 CREOSOTE,209,2MFGCREPOL ,17.86
360691,U1N48,SPLICE #4-#8 STR INSULATED,THO05,3CONNCOMP  ,0.75
360228,SUNYYK2.5NB1,"LABEL LETTER-C 2.5IN TALL ""1"" YELLOW ON BLACK HIGHLY REFLECTIVE",ELE01,3SIGNS     ,0
360089,50 DV-120/240 2B ARR TAPS SPD,CONV 50 KVA 14400X7200 120/240 2 BUSHING W/ ARRESTER TAPS SPADES,GEP01,3TRANOH    ,0
360512,SEL-915900311,SLEEVE SECURITY,SCH08,3RELAYCTRL ,0
360423,GS206622W,"GROUND SLEEVE FOR JUNCTION BOX 20""X66""X22""",CIT05,3GRDSLEEVE ,0
360569,PCC810,MOULDING WOOD 8 FT FOR GROUND WIRE (COA),BRO02,3XARMWOOD  ,3.51
362227,C730-242LB,CUTOUT LOADBREAK 27KV 200A HD 125 BIL W/ PG CONN & BRKT 10KAIC,ARK05,3CUTOUTPRC ,0
360900,AL9CU,LUG SET SCREW #4-600 1H,ILS02,3CONNCOMP  ,26.48
360296,ZUZARA 1000FT NRR,4/0 AWG AL TRIPLEX ACSR NEU 1000FT 42FX25WX14T NRR,CME02,3WIREOHSEC ,2.2
360263,51025,FUSE FIT ALL TYPE T 25A,COO02,3FUSE      ,4.38
360124,CREO502W,POLE WOOD 50FT CL 2 CREOSOTE,209,2MFGCREPOL ,13.69
360377,POLE ANTIQUE GREEN 10FT,POLE ANTIQUE GREEN 10FT CAST ALUMINUM 17IN BASE NORTH YORKSHIRE,CIT05,3POLELGHT  ,0
360113,58L114WC60,CAPACITOR 200KVAR 14400V 2 BUSH 125KV BIL,GEG02,3CAPACITOR ,565.43
360633,WESLEYAN 1000FT NRR,350 MCM AL TRIPLEX 350-350-4/0 URD 1000FT 50X32X24 NRR,CME02,3WIREUDSEC ,3.86
360246,CSG27-100A-125-CB-8KA,CUTOUT 27KV 100A POLYMER 125 BIL W/ PG CONN & BRKT 8KAIC,ALU01,3CUTOUTPOL ,101.24
363050,5 DV-120/240 1B,CONV 5 KVA 14400X7200 120/240 1 BUSHING,GEP01,3TRANOH    ,777.25
360571,SSU-4-30,FOAM POLECRETE 30LB/ 5-6 CUBIC FT PU 75PSI 3 GALLON KIT 48/PALLET,GRA17,3FOAM      ,113.62
360320,ARP00035,TERMINAL 5TH PLUG IN,DUR03,3SOCKETS   ,5.19
360645,CR-6,RACK CAPACITOR  6 UNIT INLINE,ALU01,3BRACKET   ,206.32
364001,FI-3CS04NCM-F,FAULT INDICATOR URD 4HR RESET UNIVERSAL CLAMP,SMA02,3FAULTIND  ,141.98
360698,U1N26,SPLICE #2-#6 INSULATED,THO05,3CONNCOMP  ,0.6
360424,SLIPPERY ROCK 1000FT NRR,350 MCM AL QUAD 350-350-350-4/0 URD 1000FT 60X28X28 NRR,CME02,3WIREUDSEC ,3.56
366920,110-702,METER 2S CL200 240V FOCUS AL REFURBISHED,TEX143,3METER     ,20.99
362226,9U04BEB001,INSERT FEED-THRU 25KV,3-May,3MLDRUBBER ,186.05
360215,BARE CU 6 SOL SD 25LB SPL,6 AWG BARE SD CU SOLID 25LB SPOOL (315FT),SER02,3WIREBAREC ,7.57
360293,508754,SCREW LAG SQUARE HEAD 1/2 X 4 FETTER DRIVE DRIVE PO,POW06,3BOLTWSHR  ,0.63
362022,215-SB,STAND PARKING 15KV,ELE05,3MLDRUBBER ,72.01
360024,262LR-C5240,ELBOW LOADBREAK 25KV 1/0 0.80 -1.06 W/ TEST PT,THO05,3MLDRUBBER ,51.65
360478,U1080SYB-120-9,"LABEL LETTER-1IN TALL '9""  YELLOW ON BLACK SHEET",UTI05,3SIGNS     ,0
360218,XARM 10FT TYPE 5,XARM 10 TYPE 5   3-3/4 X 4-3/4,BRO02,3XARMWOOD  ,102.14
362090,YGHC34C34,C-TAP 300-500 RUN 300-500 TAP,FCI02,3CONNCOMP  ,20.7
360177,W401,CLAMP WEDGE 2/0-4/0 ALUM BAIL,THO05,3CONNCOMP  ,2.96
360813,2500 14.4-480/277 3PH PAD PEC,PAD 2500 KVA 14400 480/277 3PH TAPS +/- 2.5% PEC SPEC,ERM02,3TRANURD3P ,69035.8
360639,ELBOW PVC 2X90X24R,ELBOW PVC 2IN 90 DEGREE 24IN RADIUS BELLED END (862295),ATK01,3CONDUFITT ,10.68
360553,F3CA-MV-A3618-C4-H,STANDOFF FG 3PH 36IN OAL 18IN MIDDLE 15 DEG 3 POS 4 HOLE 1.5IN ROD W/HDWR,ALU01,3FIBBRKTS  ,89.99
360444,U1080SYB-120-4,"LABEL LETTER-1IN TALL '4""  YELLOW ON BLACK SHEET",UTI05,3SIGNS     ,0
361994,MIGB600L25AC,BUSHING GROUNDING 6IN #6 - 250,ELL02,3CONDUFITT ,85.33
362093,50C150HCSS,BOLT HEX CAP 1/2 X 1-1/2 STAINLESS STEEL,ALL15,3FASTENERS ,0.7
360693,ES2W4W,SLEEVE #4 - #6 INSULATED AL/CU,FCI02,3CONNCOMP  ,0.42
360164,AF1300,CLEVIS FIXED FOR SPOOL INSULATOR,ALU01,3CLEVIS    ,5.95
360712,2201024,GRIP CABLE SUPPORT DIA RANGE 3.50-3.99 4900LB RATED SINGLE EYE,CIT05,3GRIPS     ,0
360485,100 14.4-120/240 2B,CONV 100 KVA 14400 120/240 2 BUSHING,GEP01,3TRANOH    ,2150.62
361000,CI-1/0,SPLICE COMPRESSION 1/0 STR FOR MOLDED RUBBER SPLICES,3M002,3CONNCOMP  ,0
360465,INS-25-PK-2,INSULATOR PIN VISE TOP 25KV ANSI 56-1 1-3/8IN,ALU01,3INSULPOLY ,15.52
362154,RISER 2 STR CU 500FT NRR,2 AWG CU 7 STR XLP RISER 500FT NRR,SER02,3WIRERISER ,3.06
360488,P8011982P,PIPE CONTROL 85 INCH LG,ARK05,3SWITCH3PH ,0
360032,625BTL33J,T-BODY KIT 25KV 600A W/ TEST POINT W SK,CIT05,3MLDRUBBER ,0
360778,CREO551W,POLE WOOD 55FT CL 1 CREOSOTE,209,2MFGCREPOL ,14.01
360742,TD250-84,"ANCHOR SINGLE HELIX 8"" TOUGH ONE/TURBO/EXTREME 3/4 OR 1IN ROD 2-1/2 SD",MAC10,3ANCHOR    ,59.11
361001,25PCJ1H1240,SPLICE 25KV 1/0 W/ CONNECTOR  0.85-1.05 ID,THO05,3TERMINATO ,37.83
366910,ZDC210P8082,METER FOCUS A3TL FM 4S CL20 120-480V CITY OF GTOWN,CIT05,3METER     ,0
360252,31020,FUSE FIT ALL TYPE K 20A,COO02,3FUSE      ,4.74
360459,STK3,"STRAP KIT 3""",ALU01,3BRACKET   ,5.6
360704,GPRT-500-4P-C,CONNECTOR SUBMERSIBLE 12-500MCM 4 PORT  WATER TIGHT EPDM CLR BACK,TYC02,3CONNURDSE ,0
360568,10 DV-277/480 2B,CONV 10 KVA 14400X7200 277/480 2 BUSHING,GEP01,3TRANOH    ,942.42
360057,PS20-186-10-4FA,SWITCHGEAR PADMOUNT 25KV 125BIL 200AMP CONTINUOUS,GWE02,3SWITCHURD ,11934.57
360096,75 DV-277/480 2B ARR SPD,CONV 75 KVA 14400X7200 277/480 2 BUSHING W/ 18KV ARRESTER & 4H SPADES,GEP01,3TRANOH-A  ,1683.77
360842,75 14.4-240/120 PAD T1,PAD 75 KVA 14400 240/120 1PH TYPE 1,GEP01,3TRANURD1P ,2209.88
360697,U1N24,SPLICE #2-#4 INSULATED,THO05,3CONNCOMP  ,0.7
360211,602013,SHOOT ON TAP 336.4 - 4,TYC02,3CONNSHOOT ,15.36
360582,"TAG DECAL PHASE ID A/B/C 1.5""","TAG DECAL PHASE ID A/B/C 1.5""",CIT05,3SIGNS     ,0
360572,1488911209,LUBRICANT AEROSOL 14OZ GENERAL GEL,MOM02,3LUBRICANT ,0
360386,BARE CU 2 7STR SD 25LB SPL,2 AWG BARE SD CU 7 STR 25LB SPOOL (125FT),SER02,3WIREBAREC ,7.87
360933,PG3672BA36A,PULL BOX 36INX72INX36IN NO BOTTOM,3-May,3HANDHOLE  ,0
360895,CC24,C-TAP #2 SOL - 2 STR RUN 8 SOL - #4 STR CU TAP,THO05,3CONNCOMP  ,1.2
360059,PVI43-386-12-11,INSULATED DEADFRONT PDMNT 3 WAY 1 LOAD SWITCH 27KV 125KV BIL SF6,RYA03,3SWITCHURD ,53286.42
360623,360623,STREETLIGHT ARM DOUBLE 8' GALV,CIT05,3LGHTARM   ,0
360441,U1080SYB-120-1,"LABEL LETTER-1IN TALL '1""  YELLOW ON BLACK SHEET",UTI05,3SIGNS     ,0
360497,PS1.2-C,"LABEL LETTER-FOR 2"" RY  'B""  BLACK ON YELLOW SHEET",ALM02,3SIGNS     ,0
364102,UTJ-1305,TIE DISTRIBUTION J NECK 1/0 .358 - .405 33IN YELLOW,PRE12,3FMDWIRE   ,6.07
360283,6502,EYENUT FORGED OVAL FOR 5/8 BOLT,POW06,3BOLTWSHR  ,1.23
360102,75 DV-240/480 2B TAPS SPD,CONV 75 KVA 14400X7200 240/480 2 BUSHING W/ TAPS SPADES,GEP01,3TRANOH    ,0
361020,8822,BOLT MACHINE GALV 5/8 X 22,ALU01,3BOLTWSHR  ,5.1
360142,8870,BOLT DOUBLE ARMING GALV 5/8 X 20,MAC10,3BOLTWSHR  ,3.77
360039,273ESA-18,ARRESTER ELBOW 18KV (25KV INTERFACE),THO05,3ARRESTURD ,155.53
360037,CSTO-282J-CP2-6,TERMINATOR COLD SHRINK 1/0 15/25 KV,TYC02,3TERMINATO ,65.86
361981,FL11,"TAPE FLAGGING RED 1-3/16"" X 300' ROLL",CAR05,3TAPE      ,3.35
364103,WTJ0400,TIE WRAPLOCK J NECK #4 .248 - .259 21IN ORANGE,PRE12,3FMDWIRE   ,7.04
360113,2GUA144200G250,CAPACITOR 200KVAR 14400V 2 BUSH 125KV BIL,ABB07,3CAPACITOR ,602.94
360464,225 14.4-208/120 3PH PAD,PAD 225 KVA 14400 208/120 3PH,GEP01,3TRANURD3P ,9604.95
360152,8914,BOLT MACHINE GALV 3/4 X 14,ALU01,3BOLTWSHR  ,3.68
360691,ES2W8W,SPLICE #4-#8 INSULATED,FCI02,3CONNCOMP  ,0.26
360191,WR419,H-TAP 3/0-4/0 RUN AND TAP,THO05,3CONNCOMP  ,0.96
360894,CC22,C-TAP #2 STR - #2 STR CU RUN & TAP,THO05,3CONNCOMP  ,1.27
360475,4450100,TANGENT FOR  AFL AE144AZO621BB6 (144 ADSS),PRE12,3FIBERMISC ,20.59
360131,5358,ROD ANCHOR 3/4 X 8 TWINEYE,ARK05,3ANCHORROD ,28.88
360699,ICS77-1,SLEEVE 1/0-#2 INSULATED AL/CU,CIT05,3CONNCOMP  ,0.29
360067,75 DV-208/120 3PH PAD,PAD 75 KVA 14400X7200 208/120 3PH,ERM02,3TRANURD3P ,8910.69
362088,J2841Z,ADAPTER TRANSFORMER 5/8 BOLT TO 1-3/8IN NYLON THREAD 5IN LENGTH,MAC10,3PINHDWE   ,9.98
362107,14 CU SOL THHN BLK 500FT,14 AWG CU SOL THHN BLACK 600V 500FT NRR,CME02,3WIRE600VC ,0.15
361012,35-WHITE-3/4X66FT,TAPE CODING/PHASING WHITE 3/4 X 66FT,3M002,3TAPE      ,4.88
360338,TIE WIRE #6 ALUM,TIE WIRE #6 ALUM 25# BOX COIL (1033FT/25#),NEH02,3WIRETIE   ,3.62
360711,2201021,GRIP CABLE SUPPORT DIA RANGE 2.00-2.49,CIT05,3GRIPS     ,0
360246,CP710-211PB,CUTOUT 27KV 100A POLYMER 125 BIL W/ PG CONN & BRKT 8KAIC,CIT05,3CUTOUTPOL ,104.1
360500,U200SO8U-ZN,ARM STREETLIGHT UPSWEPT GALV,CIT05,3LGHTARM   ,0
362115,Oct-90,"RING METER STEEL W/ ADJUSTMENT SCREW ""HANDI-RINGS""",EJB02,3SOCKETS   ,7.58
362007,ELBOW PVC 2X45X24R,ELBOW PVC 2IN 45 DEGREE 24IN RADIUS BELLED END (868000),ATK01,3CONDUFITT ,9.43
360426,15 DV-120/240 1B SPD,CONV 15 KVA 14400X7200 120/240 1 BUSHING W/ 2H SPADES,GEP01,3TRANOH    ,1062.96
360722,PE-6UG10,U GUARD RISER POLE STANDARD POLYETHYLENE 6IN X 10FT,ELE15,3UGUARD    ,58.02
360499,AR124FFLPT,SWITCH AIRBREAK VERTICLE MOUNT HORIZ SWING AUTO READY,CIT05,3SWITCH3PH ,0
361021,PAK792C,COLLAPSIBLE CONTAINER 6' X 8' 359 GAL SUMP CAPACITY,NEW17,3SAFETY    ,0
362065,1402-XR,MARKER  BALL RED 4 IN,3M002,3SAFETY    ,13.32
360642,C11242NG4VP-ZN,"FOUNDATION AUGER STYLE FOR STREETLIGHT 11""-17"" BOLT CIRCLE",CIT05,3LGHTARM   ,0
360436,PMXFORMER,"TAG DECAL PAD XFMR NUMBER ID 6"" X 2"" SERIALIZED REFLECTIVE LABEL BLACK ON WHITE",CIT05,3SIGNS     ,0
364074,ARP00002,HUB METER SOCKET SMALL CLOSING PLATE,ARK05,3SOCKETS   ,3.59
360275,UC7460-WL,SOCKET METER 20A 8 TERMINAL RINGLESS W/ TS PROV,MIL07,3SOCKETS   ,0
360039,225ELA18,ARRESTER ELBOW 18KV (25KV INTERFACE),BOD02,3ARRESTURD ,178.05
361016,TFS-065 HD,"SACK TRANSFORMER 36"" X 72"" BLUE",AND06,3SAFETY    ,0
360675,167 14.4-240/120 PAD,PAD 167 KVA 14400 240/120 1PH,GEP01,3TRANURD1P ,6762.76
360482,37.5 14.4-120/240 2B,CONV 37.5 KVA 14400 120/240 2 BUSHING,GEP01,3TRANOH    ,1378.04
360788,WCY61,CONNECTOR WEJTAP 556.5-336.4 TO 556.5-266.8,FCI02,3CONNSHOOT ,20.01
360752,DA400096E2B7X2,DEADEND FG 8FT 4 X 6 17K/PH 2 WIRE PUPI 8FT DRILL GRAY,GEO08,3FIBARMDE  ,304.32
360696,U1N22,SPLICE #2-#2 INSULATED,THO05,3CONNCOMP  ,0.59
361032,8880,BOLT DOUBLE ARMING GALV 5/8 X 34,ALU01,3BOLTWSHR  ,14.93
360428,SUNYYK2.5NB6,"LABEL LETTER-C 2.5IN TALL ""6 OR 9"" YELLOW ON BLACK HIGHLY REFLECTIVE",ELE01,3SIGNS     ,0
360149,8820,BOLT MACHINE GALV 5/8 X 20,MAC10,3BOLTWSHR  ,4.15
,DA3000120E4B9X2,DEADEND FG 10FT 3-5/8 X 4-5/8 10K/PH 4 WIRE PUPI 10FT DRILL GRAY,GEO08,3FIBARMDE  ,337.74
360539,BAD2PLK-86,BOLT-A-BAND FOR STEEL POLES,BAR04,3BRACKET   ,0
360036,83-50C137P145,TERMINATION KIT 25KVA 500MCM AL,GWE02,3TERMINATO ,0
362056,S288RLN,SPACER INTERMEDIATE 6IN X 3IN,CAR07,3CONDUFITT ,1.81
360496,PS1.2-B,"LABEL LETTER-FOR 2"" RY  'B""  BLACK ON YELLOW SHEET",ALM02,3SIGNS     ,0
360361,RAVEN 885LB NRR,1/0 AWG ACSR 6/1 885LB 36X22X18 NRR (6095FT PROX),CME02,3WIREBAREA ,3.14
360162,1/2/2348,BOLT SINGLE UPSET 5/8 X 14,ALU01,3BOLTWSHR  ,6.2
360048,WOFFORD 500QUAD 500FTNRR,500 MCM AL QUAD 500-500-500-350 URD 500FT NRR,HOU03,3WIREUDSEC ,6.62
360420,Y619974,DECAL URD TAG KIT RED 2X2.5 (PACK 25),ELE01,3SIGNS     ,0
360321,PMS-360321-ZN,PRIMARY METER SET 15KV 50:1 VT,CIT05,3MTRSET    ,0
360770,17548,"LABEL REFLECTIVE 10""X10"" WARNING BILINGUAL CITY OF GEORGETOWN",ALM02,3SIGNS     ,0
360328,75 DV-240/120 PAD T1,PAD 75 KVA 14400X7200 240/120 1PH TYPE I,GEP01,3TRANURD1P ,3213.43
362104,12 CU SOL THHN RED 500FT NRR,12 AWG CU SOLID THHN RED 600V 500FT NRR,CME02,3WIRE600VC ,0.18
360845,TR61,SPLICE NEUTRAL #6 SEMI-TENSION,THO05,3CONNCOMP  ,1.39
361002,25PCJ1J1270,SPLICE 25KV 4/0  W/ CONNECTOR 0.98 - 1.18 ID,THO05,3TERMINATO ,41.48
360210,WCY84,CONNECTOR WEJTAP 556.5-1000 TO 6-1/0,FCI02,3CONNSHOOT ,32.68
360689,ES4W6W,SPLICE #6-#8 INSULATED,FCI02,3CONNCOMP  ,1.28
364103,UTJ-1302,TIE DISTRIBUTION J NECK #4 .245 - .277 28IN ORANGE,PRE12,3FMDWIRE   ,4.68
360165,C6M36,"BRACKET TRANSFORMER MTG (3) 3 -50KVA 6"" FROM POLE",209,3BRACKET   ,118.31
360019,228J3B,JUNCTION 28KV 200A 3 POINT WITH BRACKET,CIT05,3MLDRUBBER ,0
360753,DA3020120E4B9X2,DEADEND FG 10FT DBL ARM 3-5/8 X 4-5/8 20K/PH 4 WIRE PUPI 10FT DRILL GRAY,GEO08,3FIBARMDE  ,866.93
360811,84S-ADB1,LIGHT STREET WATERPROOF CONNECTOR KIT (BUCHANAN BRAND),CIT05,3LGHTPART  ,0
360545,AR0118,ARMOR ROD 1/0 .390 - .413  52IN YELLOW (9PC=1EA),PRE12,3FMDWIRE   ,8.26
360188,WR189,H-TAP #3-1/0 RUN #6-#2 TAP,THO05,3CONNCOMP  ,0.65
366900,ZFA3K000000,METER FOCUS R2S FM 1S CL200 120V CITY OF GTOWN,CIT05,3METER     ,0
360488,AR13PX,SWITCH AIRBREAK EXTENSION LINK FOR AR13P,CIT05,3SWITCH3PH ,0
360620,RMA10SR2XXZ,FIXTURE SECURITY LIGHT 100W HPS HEAD ONLY,COO17,3LGHTHID   ,45.07
360692,ES2W6W,INSULINK #4  ACSR-84  AL/CU INS SLEEVE GREEN,ARK05,3CONNCOMP  ,0
,J0893Z,"WIREHOLDER NYLON ALLOY 3"" SCREW",MAC10,3BRACKET   ,4.53
360353,113,WASHER SQUARE CURVED 3 X 3 X 1/4 FOR 5/8 BOLT 11/16H #233,ALL38,3BOLTWSHR  ,1.14
360038,K655LR-J0270,KIT URD T-BODY 600AMP FOR 4/0 MCM 25KV 260MIL COMP,THO05,3MLDRUBBER ,165.94
360629,F1CA-MV-A18-C411,STANDOFF FG CUTOUT/ARRESTER 18IN 15 DEG 3 POS 4 HOLE  1.5IN ROD,ALU01,3FIBBRKTS  ,46.21
360092,167 DV-120/240 2B TAPS SPD,CONV 167 KVA 14400X7200 120/240 2 BUSHING W/ 4H SPADES,ERM02,3TRANOH    ,3904.94
360222,647Z,PIN XARM GALV 5/8 X 7 X 1-3/8 NYLON CAT#J647Z,MAC10,3PINHDWE   ,16.74
362096,LW-50SSPPM,WASHER LOCK 1/2IN STAINLESS STEEL (100 PACK),ALL15,3FASTENERS ,0.13
360956,9F54LFC050,FUSE BAYONET LOAD SENSING 8A (300011-21),ECI02,3FUSE      ,11.07
360240,70-7YTIE,GUARD GUY HDPE YELLOW 8FT W/ TIE WRAP (750/LIFT),ELE15,3GUYGUARD  ,2.77
361034,R8716,BOLT MACHINE GALV 1/2 X 16,CIT05,3BOLTWSHR  ,0.53
360466,500 14.4-208/120 3PH PAD,"PAD 500 KVA 14400 208/120 3PH ""NO TAPS""",GEP01,3TRANURD3P ,12766.84
360286,J25179Z,PIN POLE TOP OFFSET 1-3/8 (PLASTIC),MAC10,3PINHDWE   ,30.25
360204,602121-0,NOT A VALID PART NUMBER SEE 602121,TYC02,3CONNSHOOT ,29.77
360882,E-MZA00W100,LIGHT STREET BALLAST KIT 100W METAL HALIDE 120/208/240/277V,CIT05,3LGHTPART  ,0
361500,1000 25KV AL 1C EPR 1/3N 1000,1000MCM 25KV AL STR EPR 260MIL 1/3N 1000FT NRR,CME02,3WIREMV    ,12.42
360721,PE-2UG10,U GUARD RISER POLE STANDARD POLYETHYLENE 2IN X 10FT,ELE15,3UGUARD    ,14.5
360476,500 14.4-480/277 3PH PAD,PAD 500KVA 14400 480/277 3PH,GEP01,3TRANURD3P ,10790.12
360145,8810,BOLT MACHINE GALV 5/8 X 10,MAC10,3BOLTWSHR  ,1.49
362050,S2468-XL,SOCKET METER 200A 4T OH/UG CP MB MTG PROVISION,MIL07,3SOCKETS   ,156.72
360150,8816,BOLT MACHINE GALV 5/8 X 16,ALU01,3BOLTWSHR  ,2.08
360491,100 14.4-277/480 2B,CONV 100 KVA 14400 277/480 2 BUSHING,GEP01,3TRANOH    ,1987.36
362094,FW50SS,WASHER FLAT 1/2 SS,ALL15,3FASTENERS ,0.1
360799,RK-11-R5-BA,GLOBE OPTICAL ASSEMBLY SERIES 11,ACU03,3LGHTPART  ,16.65
360448,CMW34,LOCKWASHER DOUBLE COIL FOR 3/4 BOLT,CIT05,3BOLTWSHR  ,0
360581,PS1.2-4,"LABEL LETTER-""4""  FOR 2"" RY  BLACK ON YELLOW SHEET",ALM02,3SIGNS     ,0
360300,GL402A,SPLICE AUTO #4 ACSR,ARK05,3CONNAUTO  ,8.88
360905,U34RT,DIE COMPRESSION U-STYLE 12 TON 500MCM CU BROWN (31166),209,3TOOL      ,92.27
360184,SWANATE 600LB NRR,4 AWG ACSR 7/1 600LB 30X22X16 NRR (8955FT/600#),CME02,3WIREBAREA ,3.15
360575,9650/E1X04A/720/10M-ZN11407,SENSOR CURRENT 15KV 720:1,LIN04,3RELAYCTRL ,0
360177,7197,CLAMP WEDGE 1/0-4/0,MAC10,3CONNCOMP  ,3.14
360239,C1530AP,CLAMP HOTLINE AL TIN PLATED #6 - 336.4 RUN #6 - 4/0 TAP,MAC10,3HOTLINE   ,18.27
360459,CSTK3,STRAP KIT 3IN,TEC05,3BRACKET   ,5.49
360216,XARM 8FT TYPE 3,XARM WOOD 3-3/4X4-3/4X8 REA,BRO02,3XARMWOOD  ,71.99
362020,ELBOW PVC 6X45X36R,ELBOW PVC 6IN 45 DEGREE 36IN RADIUS BELLED END (878942),ATK01,3CONDUFITT ,68.14
360284,1093,EYENUT FORGED OVAL FOR 3/4 BOLT,POW06,3BOLTWSHR  ,1.67
360451,U1080SYB-120-5,"LABEL LETTER-1IN TALL '5""  YELLOW ON BLACK SHEET",UTI05,3SIGNS     ,0
360520,8454,CABLE SEALING KIT 15KV 750-1500MCM 25KV 600-1250MCM 12IN,3M002,3TERMINATO ,30.87
360433,Y653683,LABEL ADHESIVE - BURIED CABLE,ELE01,3SIGNS     ,0.64
360909,RLSS350-6SLI,CONNECTOR TRANSFORMER SEC 6 PORT #10-350 5/8 STUD ST LIGHT INHIBITOR W/ CLEAR BOOT,CMC01,3CONNURDSE ,15.11
360650,R-22748/45-35,CABLE ASSY 3PH 4 TO 1  W/14-PIN CONN W/3 EA 45FT & 1 EA 35FT CABLE,LIN04,3RELAYCTRL ,890.74
360031,DPC625X,CAP INSULATING 25KV 600A INDIVIDUALLY PACKED,COO02,3MLDRUBBER ,64.4
360052,500 25KV AL 1C EPR 1/3N 2500,500 25KV AL STR EPR 260MIL 1/3N 16 #12 2500FT NRR,CME02,3WIREMV    ,11.88
360887,RK-11-2L-36-OB-J5,LIGHT VOLTAGE STARTER CONVERTER 55V TO 100V,ACU03,3LGHTPART  ,0
361007,35-ORANGE-3/4X66FT,TAPE CODING/PHASING ORANGE 3/4 X 66FT,3M002,3TAPE      ,5.16
362015,ELBOW PVC 1X90X24,ELBOW PVC 1IN 90 DEGREE 24IN RADIUS,ATK01,3CONDUFITT ,1.33
360314,3/8 GUY HS 500FT,WIRE GUY 3/8 HS 500 COILS (.272#/FT),CON08,3WIREGUY   ,0.62
360658,MB-4,BRACKET TERMINATOR FOR 1.10-1.50 CABLE OD,3M002,3TERMINATO ,20.63
360075,1500 DV-208/120 3PH PAD,PAD 1500 KVA 14400X7200 208/120 3PH,GEP01,3TRANURD3P ,70859.26
360156,9424,BOLT OVALEYE FORGED GALV 5/8 X 24,MAC10,3BOLTWSHR  ,0
360761,FGS21-12CR,INSULATOR GUY STRAIN 12IN 21K CLEVIS-CLEVIS/ROLLER,ALU01,3FIBGUYSTN ,19.46
362100,P33870,NUT HEX 3/4-10 HOT DIP GALV GRADE A FINISH,ALL15,3FASTENERS ,0.2
360493,AFIT-A1U-N30R40RWH,POWER SUPPLY LED RINGDALE 100/277,RIN02,3LGHTLED   ,0
360087,25 DV-120/240 2B,CONV 25 KVA 14400X7200 120/240 2 BUSHING,GEP01,3TRANOH    ,1343.48
366902,ZHCY4000004,METER FOCUS RU FM 2S CL320 240V CITY OF GTOWN,CIT05,3METER     ,0
362042,CR36B,RACK CABLE UNDERGROUND 36IN STANCHION,UND02,3BRACKET   ,67.63
360280,U7420-DL,SOCKET METER 200A 7T RL MD NOBY OH,MIL07,3SOCKETS   ,0
360392,11520SCAMT1FGRFD57133,FIXTURE ROADWAY COBRAHEAD HPS 200W MULTIVOLT,ACU03,3LGHTHID   ,0
360709,7655-S-4-500-GUS,TERMINATOR COLD SHRINK 500-1000MCM 15KV 250-800MCM 25KV W/ MTG BRACKET & RISER BOOT,3M002,3TERMINATO ,0
360186,ASO-684-1-N,CLAMP DEAD END SHOE #4 - 336.4  ACSR SIDE LOADING,MAC10,3DESHOES   ,13.79
360289,11510SCAMT1R2FGRFD29822,FIXTURE ROADWAY COBRAHEAD 100W HPS MULTI-TAP FOREST GREEN,ACU03,3LGHTHID   ,0
360940,750X336102-524,CURRENT TRANSFORMER 600V 2000:5 JAB-0S REVENUE-SENSE HI TEMP .15S AE SPECS,GEG02,3CTVTPT    ,96.11
360461,CSTK4,STRAP KIT 4IN,CIT05,3BRACKET   ,0
360582,"TAG DECAL PHASE ID C 1.5""","TAG DECAL PHASE ID LETTER ""C""1.5""",CIT05,3SIGNS     ,0
360196,WR815,H-TAP 4/0-477  RUN #6-2/0 TAP,THO05,3CONNCOMP  ,4.11
360479,V138WH,TAG BLANK WHITE  SECONDARY SERVICE ID W/ZIP TIES,ELE01,3SIGNS     ,0
360505,GLS-5002,SPLICE GUY 3/8 HS COM SM 0.360-0.405,ARK05,3CONNAUTO  ,0
360287,QF48-24-18,"GROUND SLEEVE FIBERGLASS 48"" X 24"" X 18""",QUA07,3GRDSLEEVE ,203.27
360760,STB120N12602,TANGENT FG 10FT CNTR MNT,SHA10,3FIBARMDE  ,0
360885,9L20AXX418BHS,ARRESTER DIST 18KV W/ BRKT NO CAP,GEG02,3ARRESTDIS ,49.33
360460,F4242-32CL1224,PAD FLAT POLYMER CONCRETE 42 X 42 X 3 W/ 12 X 24 OPENING W/ TIE DOWN & 1 LIFT PROV,DIV02,3XFRMRPAD  ,149.72
362063,CABLE SPREADER CT5,CABLE SPREADER  XFRM 1PH PAD CAT5 CITY OF GTOWN,CIT05,3XFRMRPAD  ,0
360028,272SOP,STAND PARKING 25KV,THO05,3MLDRUBBER ,72.25
360567,GCC21-78R,INSULATOR GUY STRAIN 78IN 21K CLEVIS-CLEVIS W/ 1 ROLLER,MAC10,3FIBGUYSTN ,26.72
360224,602001,SHOOT ON TAP 336.4 - 1/0,TYC02,3CONNSHOOT ,14.43
360677,300 14.4-208/120 3PH PAD PEC,PAD 300 KVA 14400 208/120 3PH,ERM02,3TRANURD3P ,12700
360079,225 DV-480/277 3PH PAD,PAD 225 KVA 14400X7200 480/277 3PH W/ TAPS 2 @ +/- 2.5%,GEP01,3TRANURD3P ,11046.88
360057,PA21-P302,INTERRUPTER SINGLE PHASE PADMOUNT SWITCH 25KV 800AMP,RYA03,3SWITCHURD ,13370.37
360256,TAP10CUSTR-05,1/0 AWG CU 19 STR SD HENDRIX TAP WIRE 500FT NRR TPR COVER,HEN03,3WIRERISER ,8.46
360358,CREO501W,POLE WOOD 50FT CL 1 CREOSOTE,500,2MFGCREPOL ,13.65
360166,12MW-24-AB,BRACKET TRANSFORMER MTG. (3) 3 - 100KVA W/ TYPE A & B BOLT PACKS,ALU01,3BRACKET   ,363.12
360939,7200366,SWING LOCK BOLT KIT 4FT X 8FT,OLD03,3TOOL      ,67.9
360621,15 14.4-277/480 2B,CONV 15 KVA 14400 277/480 2 BUSHING,GEP01,3TRANOH    ,779.01
361123,GA9400GAA,CONN GA VISE 4/0 STR -336 ACSR,TEC05,3CONNMECH  ,16.73
360708,U2025B-2H,TAGS CABLE IDENTIFICATION BLUE,UTI05,3SIGNS     ,0.53
360521,U1980-O,SOCKET METER 200A 4T UG BLANK SWY,MIL07,3SOCKETS   ,61.39
360424,SLIPPERY ROCK 1500FT NRR,350 MCM AL QUAD 350-350-350-4/0 URD 1500FT 66X36X36 NRR,CME02,3WIREUDSEC ,4.02
361755,EZMS10279,TIE SPOOL EZ WRAP 795 .969-1.096 38IN GREEN,PRE12,3FMDWIRE   ,16.77
360046,27-GLASS CLOTH TAPE,TAPE GLASS CLOTH CLASS B INSULATION 3/4IN X 66FT,3M002,3TAPE      ,12.37
366919,ZDC300P8082,METER FOCUS A3TL FM 2S CL200 120-480V CITY OF GTOWN,CIT05,3METER     ,0
362028,ELBOW PVC 6X22.5X30R STD BE,ELBOW PVC 6IN 22.5 DEGREE STD 30IN RADIUS BELLED END9 (924889),ATK01,3CONDUFITT ,42.8
360447,AS2720-4.5,GUYING TEE DOUBLE 15/16 MOUNTING HOLE 70K RATED CURVED BASE,HUG08,3BRACKET   ,96.6
360607,WR289,H-TAP 1/0-2/0 RUN #6-#2 TAP,THO05,3CONNCOMP  ,0.83
360500,U200SO8U,ARM STREETLIGHT UPSWEPT GALV,CIT05,3LGHTARM   ,0
360506,5102,DEADEND AUTO 3/8 & 14M GUY WIRE,MAC10,3CONNAUTO  ,18.69
360581,PS1.2-0/O,"LABEL LETTER-""0 OR O""  FOR 2"" RY  BLACK ON YELLOW SHEET",ALM02,3SIGNS     ,0
360063,75 DV-240/120 PAD,PAD 75 KVA 14400X7200 240/120 1PH,GEP01,3TRANURD1P ,3153.43
360495,PS1.2-A,"LABEL LETTER-FOR 2"" RY  'A""  BLACK ON YELLOW SHEET",ALM02,3SIGNS     ,0
360567,GS21078CC1,INSULATOR GUY STRAIN 78IN 21K CLEVIS-CLEVIS W/ 1 ROLLER,CIT05,3FIBGUYSTN ,41.05
360475,300 14.4-480/277 3PH PAD,PAD 300KVA 14400 480/277 3PH,ERM02,3TRANURD3P ,9223.9
360756,SSU-4-10,FOAM POLECRETE 1 GALLON KIT 125/PALLET,GRA17,3FOAM      ,46.06
,XARM 8FT TYPE 14,"XARM 8FT 4-3/4"" X 5-3/4"" REA TYPE 14",BRO02,3XARMWOOD  ,102.2
362069,K650SOP,STAND OFF PLUG 600A,THO05,3MLDRUBBER ,111.03
360268,51080,FUSE FIT ALL TYPE T 80A,COO02,3FUSE      ,8.78
360314,3/8 GUY EHS 500FT,WIRE GUY 3/8 EHS 500 COILS (.272#/FT),CON08,3WIREGUY   ,0.56
360313,118324,STAPLE 1-1/2  X 3/8 X 0.148 9G KNURLED SLASH POINT GALV 50# BX (3050 PCS),BEK01,3FASTENERS ,2.34
360223,J203Z,PIN XARM GALV 5/8 X 5 X 1 NYLON 5-3/4IN SHANK,MAC10,3PINHDWE   ,5.57
361079,5058103,AIR FLOW SPOILER .564-.76 336MCM LENGTH 14.5 FT YELLOW,PRE12,3FIBERMISC ,35.54
360689,U1N68,SPLICE #6-#8 INSULATED,THO05,3CONNCOMP  ,0.85
360749,G1MDA118DV3,STANDOFF FG 1PH 18IN 15 DEG VERT PIN 1-3/8IN NYLON THREAD 1.5IN ROD,MAC10,3FIBBRKTS  ,35.64
361016,TFS-055 HD,"SACK TRANSFORMER 25"" X 56"" RED",AND06,3SAFETY    ,53.57
361003,YDS33R,SPLICE COMPRESSION 336.4 ACSR TWO PIECE FULL TENSION,FCI02,3CONNCOMP  ,0
362107,14  CU SOL THHN BLK 500FT,14 AWG CU SOL THHN BLACK 600V 500FT NRR,CME02,3WIRE600VC ,0.15
360183,CO-OX-8,INHIBITOR OXIDE 8OZ,CMC01,3LUBRICANT ,9.56
360011,167DRG,CAP INSULATED PROTECTIVE 15KV W/ GRD & TEST POINT,THO05,3MLDRUBBER ,31.57
360325,750X120262,CURRENT TRANSFORMER 600V 400:5  JAD-OC W/ SS BASE,GEG02,3CTVTPT    ,109.81
362033,1292RAC,"BUSHING GROUNDING 2"" WIRE SIZE #1/0 STR - 14 SOL",CIT05,3CONDUFITT ,0
360341,750X133313,CURRENT TRANSFORMER 600V 400:5 JAK-0C  W/LBP RF4,GEG02,3CTVTPT    ,86.82
362093,HC50150SS,BOLT HEX CAP 1/2 X 1-1/2 STAINLESS STEEL,ALL15,3FASTENERS ,0.48
360456,U1080SYB-120-B,"LABEL LETTER-1IN TALL 'B""  YELLOW ON BLACK",UTI05,3SIGNS     ,0
360411,642,WIPE MULTI-PURPOSE ORANGE PEEL CLEANING  - BUCKET,CIT05,3CLEANER   ,32.1
362014,CONDUIT STL 3,CONDUIT GALV RIGID 3IN X 10FT,ATK01,3CONDUPIPE ,22.06
360409,NS127B,PHOTOCELL 105-305V 1000W D2D LONG LIFE FOR LED FIXTURES BLK,NIG02,3LGHTPE    ,12.96
360154,310046-27,BOLT PENTA 1/2 X 3 BRONZE XLSHAFT,ERM02,3FASTENERS ,8.64
360129,J7538,ROD ANCHOR 1 X 8 TWINEYE,MAC10,3ANCHORROD ,70.93
360169,KE1068B,GUARD WILDLIFE 100A 15KV CUTOUT GREY,KAD01,3WILDLIFE  ,10.14
360580,"POLE NUMBER LOCATION 1"" X 36""","POLE NUMBER LOCATION 1"" X 36""",CIT05,3SIGNS     ,0
360018,8452,CABLE SEALING KIT 15KV #2-4/0 25KV #2-2/0 35KV #2-1/0,3M002,3TERMINATO ,19.37
360091,100 DV-120/240 2B SPD,CONV 100 KVA 14400X7200 120/240 2 BUSHING W/ 4H SPADES,GEP01,3TRANOH    ,2747.63
360395,CONDUIT PVC 3X20,CONDUIT PVC 3IN X 20FT SCH 40 LONG BELL (8512) (1760'/LIFT),ATK01,3CONDUPIPE ,6.04
361600,1.5 DV-120/240 2B,CONV 1.5 KVA 14400X7200 120/240 2 BUSHING,ERM02,3TRANOH    ,635.8
362002,ELBOW PVC 4X90X36R,ELBOW PVC 4IN 90 DEGREE 36IN RADIUS BELLED END (862293),ATK01,3CONDUFITT ,30.74
360876,1012649,PEDESTAL METER 1 POSITION 200A,DUR03,3SOCKETS   ,0
360301,GL410,SPLICE AUTO 336.4 ACSR 18/1  266-336 AAC  312.8 AAAC,ARK05,3CONNAUTO  ,25.84
360213,WCY50,CONNECTOR WEJTAP 397.5-4/0 TO #2-#4,FCI02,3CONNSHOOT ,0
360315,C206-0283,BRACKET XARM FOR ARRESTER OR CUTOUT,ARK05,3BRACKET   ,0
360260,51012,FUSE FIT ALL TYPE T 12A,COO02,3FUSE      ,3.81
360009,274FT,FEED-THRU LOADBREAK 25KV 200A,THO05,3MLDRUBBER ,160.66
380880,ZHP018-2000000-PEC,ARRESTER 18KV HD OFF THE POLE PEC ASSMBLY W/ GH-201D,TEC02,3COMPASM-A ,109.15
360555,DA3000096E3B7X2,DEADEND FG 8FT 3-5/8 X 4-5/8 13.7K/PH 3 WIRE PUPI 8FT DRILL GRAY,GEO08,3FIBARMDE  ,310.74
362043,CR24B,"CABLE RACK 24""",UND02,3BRACKET   ,28.15
360396,CONDUIT PVC 4X20,CONDUIT PVC 4IN X 20FT SCH 40 LONG BELL (8516),ATK01,3CONDUPIPE ,7.97
360687,ES6W8W,INSULINK #8-10 AL/CU INS SLEEVE GREEN,ARK05,3CONNCOMP  ,0
360706,U2025W-2H,TAGS CABLE IDENTIFICATION WHITE,UTI05,3SIGNS     ,0.3
366922,ZF5WKA00000,METER FOCUS R2SD FM 12S CL200 120V CITY OF GTOWN,CIT05,3METER     ,0
360695,U1N28,SPLICE #2-#8 INSULATED,THO05,3CONNCOMP  ,0.85
360547,AR0128,ARMOR ROD 336 18/1 .656 - .679  66IN BROWN,PRE12,3FMDWIRE   ,23.33
360224,WCY51,CONNECTOR WETJAP 397.5-4/0 TO 4/0-#2,FCI02,3CONNSHOOT ,13.62
360739,CTS4,SPLICE COMPRESSION #4 SOL CU FULL TENSION,THO05,3CONNCOMP  ,0
360099,25 DV-240/480 2B,CONV 25 KVA 14400X7200 240/480 2 BUSHING,GEP01,3TRANOH    ,1099.59
360641,31520SCAMT1R2FGBZ,FIXTURE ROADWAY COBRAHEAD 200W MULTI-TAP BRONZE,ACU03,3LGHTHID   ,0
360020,274J3-5,JUNCTION 25KV 3 POINT WITH STRAP,THO05,3MLDRUBBER ,212.52
360230,RS900G-HI-D-2SC25-XX,SWITCH ETHERNET 10 PORT RUGGEDCOM 110V,SIE02,3RELAYCTRL ,0
360146,R8812,BOLT MACHINE GALV 5/8 X 12,POW06,3BOLTWSHR  ,1.06
360144,8874,BOLT DOUBLE ARMING GALV 5/8 X 24,MAC10,3BOLTWSHR  ,5.76
362105,12 CU SOL THHN BLU 500FT NRR,12 AWG CU SOLID THHN BLUE 600V 500FT NRR,CME02,3WIRE600VC ,0.1
362005,ELBOW PVC 3X90X36R,ELBOW PVC 3IN 90 DEGREE 36IN RADIUS BELLED END (865576),ATK01,3CONDUFITT ,22.41
360125,88135,ANCHOR 8IN EXPANDING FOR 5/8-3/4IN ROD,ARK05,3ANCHOR    ,16.32
360538,BASOCL6-12H,BRACKET CONDUIT STAND-OFF 6IN W/ 12IN H-BAR,BAR04,3BRACKET   ,32.09
360279,RS202N,"SOCKET METER 200A 4T OH RL W/ 2"" HUB",DUR02,3SOCKETS   ,0
363455,10-169,CLEANER ALL PURPOSE 1 GAL BOTTLE PRE MIXED,HAS02,3CLEANER   ,17.84
360159,9416,BOLT OVALEYE FORGED GALV 5/8 X 16,MAC10,3BOLTWSHR  ,5.19
361211,7656-S-4-1000-GUS,TERMINATOR COLD SHRINK 25/KV 1000 MCM W/ BRKT & RISER BOOT,3M002,3TERMINATO ,0
362041,SPACER INTERMEDIATE 3 INCH,SPACER INTERMEDIATE FOR 3IN CONDUIT W/2IN SEPARATION (1581),ATK01,3CONDUFITT ,0.94
360730,END BELL PVC 5,END BELL FOR 5IN PVC (59683),ATK01,3CONDUFITT ,8.69
360097,100 DV-277/480 2B SPD,CONV 100 KVA 14400X7200 277/480 2 BUSHING W/ 4H SPADES,GEP01,3TRANOH    ,2619.75
360004,500 CU STR XLP USE 500FT NRR,500 MCM CU 37STR XLP USE-2/RHH/RHW-2 BLK 600V 500FT,SER02,3WIRE600VC ,14.3
361124,GA9401GAA,CLAMP GROUND VISE TYPE ALUMINUM 6SOL - 336STR .502 - .741 RUN .162 - .593 TAP,TEC05,3CONNMECH  ,21.38
362016,ELBOW STL 4 X 90 X 48R,ELBOW RIGID 4IN 90 DEGREE 48IN RADIUS,ECN01,3CONDUFITT ,218.18
360068,112.5 DV-208/120 3PH PAD,PAD 112.5 KVA 14400X7200 208/120 3PH W/ TAPS +/- 2.5%,GEP01,3TRANURD3P ,8358.02
361010,TAPE PULL 2500LB,TAPE PULL 2500LB (EA 1 = 3000FT REEL) W/PRINTED SEQUENTIAL FOOTAGE,NEP02,3TOOL      ,142.42
366920,ZHCW4A00014,METER 2S CL200 240V TYPE RUD,LEI02,3METER     ,0
360183,CTB-8,INHIBITOR OXIDE 8OZ SQUEEZE BOTTLE,THO05,3LUBRICANT ,22.42
360945,683-3660-T195,SOCKET METER TRANS SOCKET 800A 13T CITY OF GEORGETOWN SPEC,TEX143,3SOCKETS   ,2497.14
360629,F1CA-MV-A18-C4-H3,STANDOFF FG CUTOUT/ARRESTER 18IN 15 DEG JUMP PROOF GAIN 3 POS 4 HOLE  1.5IN ROD W/3 BOLTS AE,ALU01,3FIBBRKTS  ,30.86
362005,ELBOW STL 3X90X36R,ELBOW RIGID 3IN 90 DEGREE 36IN RADIUS,ECN01,3CONDUFITT ,119.5
360904,AXS584NTP,CONNECTOR TRANSFORMER SPADE 4 HOLE TIN PLATED,CIT05,3CONNURDSE ,0
360735,U1N104,SPLICE 1/0-#4 INSULATED,THO05,3CONNCOMP  ,0.67
360025,LE225CC06T,ELBOW LOADBREAK 25KV 1/0 STR 0.75 - 1.08 W/ TEST POINT,COO02,3MLDRUBBER ,37.06
362135,PLUG PVC CONDUIT 2,PLUG PVC 2IN CONDUIT W/ PULL TAB (59651),ATK01,3CONDUFITT ,1.64
362037,S288JLN,SPACER BASE 2IN X 3IN,THO05,3CONDUFITT ,0.7
362133,GPL56,CLAMP GROUNDING #8 SOL - #4 STR FOR 4IN PIPE,PEN04,3CONNMECH  ,59.27
362108,14 CU STR THHN RED 500FT NRR,14 AWG CU STR THHN RED 500FT NRR,HOU03,3WIRE600VC ,0.21
360403,PSHB120200,BOLT MACHINE 1/2 X 1IN,ARK05,3BOLTWSHR  ,0
360189,WR279,H-TAP 2/0-#1 RUN AND TAP,THO05,3CONNCOMP  ,1.11
360505,5002,SPLICE AUTO GUY 3/8,MAC10,3CONNAUTO  ,15.52
362066,CDT3078,H-TAP CU 2/0 STR TO 2/0 STR,PEN04,3CONNCOMP  ,4.24
360060,25 DV-240/120 PAD,PAD 25 KVA 14400X7200 240/120 1PH,GEP01,3TRANURD1P ,2190.27
360334,750X133331,CURRENT TRANSFORMER 600V 200:5 JAK-OC W/LBP PRI BAR,GEG02,3CTVTPT    ,130.32
360761,GS21012CC1,INSULATOR GUY STRAIN 12IN 21K CLEVIS-CLEVIS/ROLLER,CIT05,3FIBGUYSTN ,0
361025,8730019,RING METER CLICK W/BUILT IN SS BARREL LOCK W/WEATHER SEAL,EJB02,3SOCKETS   ,18.88
360244,81880,DUCT SEAL 1LB BAG,THO05,3TOOL      ,1.52
360253,31040,FUSE FIT ALL TYPE K 40A,COO02,3FUSE      ,5.25
360097,100 DV-277/480 2B,CONV 100 KVA 14400X7200 277/480 2 BUSHING,GEP01,3TRANOH    ,2759.16
362036,8743P,SCREW LAG SQUARE HEAD 3/8 X 3 FETTER DRIVE PILOT POINT,ALU01,3BOLTWSHR  ,0.5
360579,BC-GTOWN-T6,TAG DECAL POLE XFMR ID NUMBER SERIALIZED,CIT05,3SIGNS     ,0
,YA28A5,LUG COMPRESSION 4/0 2H AL/CU 1/2IN STUD,FCI02,3CONNCOMP  ,8.55
360345,750X120001,CURRENT TRANSFORMER 10KVBIL 800:5 TYPE JAD-0C,GEG02,3CTVTPT    ,0
360342,92352-019,CURRENT TRANSFORMER 600:5 WINDOW TYPE ITRON R6M LOW BASE,PRI15,3CTVTPT    ,98.77
360932,683-3660-T177,TRANSOCKET 600A 1PH,BRO20,3SOCKETS   ,0
360305,FL8-30,LINK FIGURE-8 30K LB ULTIMATE STRENGTH,LIN05,3BOLTWSHR  ,5.02
360277,UC7532-RL-441,SOCKET METER 20A 6T W/HUB OPENING PRE-WIRE TS06-0658 CITY OF GEORGETOWN,MIL07,3METER     ,0
360831,ES25R4W,SLEEVE 1/0 - #6 INSULATED AL/CU,FCI02,3CONNCOMP  ,0.43
361804,RBC-600,CLAMP GUY BONDING 5/8-1 TWINEYE PISA,LIN05,3CONNMECH  ,3.18
360100,EZC6500SLC,CONNECTOR TRANSFORMER SEC 6 PORT #6-500MCM 5/8 OR 1 STUD ST LIGHT INHIBITOR W/ CLEAR BOOT,THO05,3CONNURDSE ,23.81
362036,31145,WIREHOLDER 3IN GALV. SCREW THREADS PORCELAIN,CIT05,3BRACKET   ,0
360886,SNG00,SPLICE NEUTRAL 1/0 SEMI-TENSION,THO05,3CONNCOMP  ,1.05
360693,U1N46,SPLICE #4-#6 INSULATED,THO05,3CONNCOMP  ,0.65
360167,CA2125,BREAKER CIRCUIT 125A 2 POLE 240 VAC (CUTLER-HAMMER),CIT05,3SOCKETS   ,0
362172,55084P,NUT SQUARE GALV 5/8,ARK05,3BOLTWSHR  ,0.17
360462,CSTK6,STRAP KIT 6IN,CIT05,3BRACKET   ,0
360544,AR0110,ARMOR ROD #4 .244 - .259  40IN ORANGE,PRE12,3FMDWIRE   ,4.26
360569,BR100-08-GWM,"GROOVE GROUND WIRE MOULDING 8' 7/8"" X 1"" X 1/2""",BRO02,3WOODPROD  ,8.4
360604,10 DV-120/240 2B,CONV 10 KVA 14400X7200 120/240 2 BUSHING,GEP01,3TRANOH    ,908.25
360399,GROUND ROD 5/8 X 8 13 MIL,GROUND ROD 5/8IN X 8FT CU 13MIL,ERI02,3GRROD     ,19.67
361033,8714,BOLT MACHINE GALV 1/2 X 14,POW06,3BOLTWSHR  ,1.88
360796,RK115-10S-XH-MT1,LIGHT STREET BALLAST KIT 100W HPS,ACU03,3LGHTPART  ,0
362003,ELBOW PVC 3X90X48R,ELBOW PVC 3IN 90 DEGREE 48IN RADIUS BELLED END (878947),ATK01,3CONDUFITT ,24.89
360203,602007,SHOOT ON TAP 336.4 - 336.4,TYC02,3CONNSHOOT ,16.28
360271,U4518-XL-TG-5TW,TERMINAL BOX 5 TERMINALS SMALL CLOSING PLATE TRIPLEX GRD 5TH WIRE INSTALLED,MIL07,3SOCKETS   ,0
361125,GA9842GAA,CONNECTOR VISE TYPE AL 6SOL - 795STR,TEC05,3CONNMECH  ,20.48
361578,GG1525,GUARD WILDLIFE ELECTROSTATIC FOR OH BUSHING/ARRESTER FOR 1.5-2.5 NECK,3M002,3WILDLIFE  ,14.9
360308,31012,FUSE FIT ALL TYPE K 12A,COO02,3FUSE      ,4.64
360005,RISER 6 SOL CU 500FT NRR,6 AWG CU SOLID XLP RISER 500FT NRR,SER02,3WIRERISER ,1.23
360132,AL-336.4-76A,SPLICE COMPRESSION 336.4 19STR AAC FULL TENSION,NAT40,3CONNCOMP  ,26.67
362137,PLUG PVC CONDUIT 4,PLUG PVC 4IN CONDUIT W/ PULL TAB (59655),ATK01,3CONDUFITT ,2.06
360403,TB502SS,BOLT HEX CAP 1/2 X 2 STAINLESS STEEL,ALL15,3FASTENERS ,0.61
366915,ZDA210P8084,METER FOCUS A3TLN FM 3S CL20 120-480V CITY OF GTOWN,CIT05,3METER     ,0
360273,C2050188,LOCKWASHER DOUBLE COIL FOR 3/8 BOLT,CIT05,3BOLTWSHR  ,0
360010,SL-5,GREASE SILICONE 5.3 OZ TUBE (FOR RUBBER GOODS),THO05,3TERMINATO ,9.75
