360000,TAP40CUSTR-05,4/0 AWG CU 19 STR SD HENDRIX TAP WIRE 500FT NRR TPR COVER,HEN03,3WIRERISER ,7,8.54,1
360002,RISER 2/0 STR CU 500FT NRR,2/0  CU 19 STR XLP RISER 500FT NRR,NEH02,3WIRERISER ,75,3.47,1
360004,500 CU STR XLP USE 500FT NRR,500 MCM CU 37STR XLP USE-2/RHH/RHW-2 BLK 600V 500FT,SER02,3WIRE600VC ,35,14.30,1
360005,TAP06CUSOL-03,6 AWG CU SOLID HENDRIX TAP WIRE 1000FT NRR,HEN03,3WIRERISER ,42,2.96,1
360008,215FTI,INSERT 15KV FEED-THRU,ARK05,3MLDRUBBER ,36,166.62,1
360009,274FT,FEED-THRU LOADBREAK 25KV 200A,THO05,3MLDRUBBER ,210,163.83,1
360010,SL-5,GREASE SILICONE 5.3 OZ TUBE (FOR RUBBER GOODS),THO05,3TERMINATO ,14,9.89,1
360011,167DRG,CAP INSULATED PROTECTIVE 15KV W/ GRD & TEST POINT,THO05,3MLDRUBBER ,126,31.57,1
360012,215LE58T,LOADBREAK ELBOW 15KV 200A 4/0 STR  W/ TEST POINT,CIT05,3MLDRUBBER ,1,62.96,1
360013,162LR-C5240,ELBOW LOADBREAK 15KV 1/0 STR 0.805 - 1.06 W/TEST POINT,THO05,3MLDRUBBER ,210,41.35,1
360014,DELGADO 1000FT NRR,4 AWG AL DUPLEX FULL NEU URD 1000FT NRR,CME02,3WIREUDSEC ,329,.46,1
360015,161SOP,STAND PARKING 15KV,THO05,3MLDRUBBER ,217,40.88,1
360016,1/0 25KV AL 1C TRXLP 10000,1/0 25KV AL STR TRXLP 260MIL FCN 10000FT MASTER REEL 90 X 54 X 48 NRR,CME02,3WIREMV    ,38,4.40,1
360017,4/0 25KV AL 1C EPR 1/3N 2500,4/0 25KV AL STR EPR 260MIL 1/3N 2500FT NRR,CME02,3WIREMV    ,372,3.70,1
360018,262LRJS-C5240,ELBOW LOADBREAK 25KV 1/0  W/ TEST POINT & JACKET SEAL,THO05,3MLDRUBBER ,232,54.82,1
360019,274J3,JUNCTION 25KV 3 POINT WITH STAINLESS STEEL BRACKET,THO05,3MLDRUBBER ,259,482.04,1
360020,274J3-5,JUNCTION 25KV 3 POINT WITH STRAP,THO05,3MLDRUBBER ,252,211.58,1
360021,274J4,JUNCTION 25KV 4 POINT WITH SS BRACKET,THO05,3MLDRUBBER ,259,404.33,1
360022,274J4-5,JUNCTION 25KV 200A 4 POINT W/ STRAP [NEW CAT # 274J4(1)-5],THO05,3MLDRUBBER ,259,273.35,1
360023,2701A4,BUSHING INSERT LOADBREAK 25KV,THO05,3MLDRUBBER ,246,41.99,1
360024,228LE45T,ELBOW LOADBREAK 25/28KV 2/0 SOL 1/0 STR .80 - 1.14 W/ TEST POINT,CIT05,3MLDRUBBER ,1,63.01,1
360025,262LR-D5270,ELBOW LOADBREAK 25KV 4/0 STR W/ TEST POINT,THO05,3MLDRUBBER ,219,64.96,1
360026,625J4U,JUNCTION 25KV 4 POINT 600A DEADBREAK W/STRAP,KVA01,3MLDRUBBER ,14,278.53,1
360027,K650ETP,PLUG REDUCING TAP 600A DEADBREAK TO 200A LOADBREAK 25KV,THO05,3MLDRUBBER ,37,177.68,1
360028,272SOP,STAND PARKING 25KV,THO05,3MLDRUBBER ,110,76.86,1
360029,625BES,BUSHING EXTENDER/STUD 25KV,CIT05,3MLDRUBBER ,1,67.48,1
360030,PLPC225,CAP INSULATING 25KV 200A,COO02,3MLDRUBBER ,91,41.12,1
360031,K656DR,CAP INSULATING 15/25 KV 600A W/ TEST POINT & STUD,THO05,3MLDRUBBER ,14,104.07,1
360032,625BTL33J,T-BODY KIT 25KV 600A W/ TEST POINT W SK,ARK05,3MLDRUBBER ,70,198.23,1
360033,K650J4,JUNCTION 25KV 4 POINT 600A DEADBREAK,THO05,3MLDRUBBER ,56,399.92,1
360034,MB-5,BRACKET TERMINATOR FOR 1.45-1.95 CABLE OD,3M002,3TERMINATO ,28,48.03,1
360035,5457A-500-CU,TERMINATOR COLD SHRINK 25/28 KV 500 MCM SPLICE KIT,3M002,3TERMINATO ,7,377.43,1
360036,J9283-3/78,J9283-3/78 PSC TERM HOUSING 25,GWE02,3BRACKET   ,77,408.59,1
360037,7652-S-4-1/0-GUS,TERMINATOR COLD SHRINK 15/25KV 1/0 CONNECTOR W/ BRKT & RISER BOOT,3M002,3TERMINATO ,7,178.53,1
360038,K655LR-J0270,KIT URD T-BODY 600AMP FOR 4/0 MCM 25KV 260MIL COMP,THO05,3MLDRUBBER ,56,165.94,1
360039,3238019C18M,ARRESTER ELBOW 18KV (25KV INTERFACE),COO02,3ARRESTURD ,160,259.00,1
360040,BMSSE183030SP-121,ENCLOSURE SECTIONALIZING 1PH 18D X 30W X 30H 14GA STEEL,BAR04,3STEELENCL ,101,619.74,1
360041,AM304822262,ENCLOSURE SECTIONALIZING 3PH 22D X 48W X 30H 25KV RATING,DUR03,3STEELENCL ,70,623.85,1
360042,BMSSE226630TPH-121,ENCLOSURE SECTIONALIZING 3PH 22D X 66W X 30H 12GA STEEL,BAR04,3STEELENCL ,70,1198.83,1
360043,77-1-1/2INX20FT,TAPE ELECTRICAL 1-1/2INX20FT BLK,3M002,3TAPE      ,7,17.28,1
360044,MB-6,BRACKET TERMINATOR FOR 1.80-2.40 CABLE OD,3M002,3TERMINATO ,14,60.42,1
360046,27-GLASS CLOTH TAPE,TAPE GLASS CLOTH CLASS B INSULATION 3/4IN X 66FT,3M002,3TAPE      ,14,12.14,1
360047,77-3INX20FT,TAPE ELECTRICAL 3INX20FT BLK,3M002,3TAPE      ,14,27.64,1
360048,WOFFORD 500QUAD 500FTNRR,500 MCM AL QUAD 500-500-500-350 URD 500FT NRR,HOU03,3WIREUDSEC ,14,6.62,1
360049,RUTGERS 1000FT NRR,350 MCM AL 37STR XLP USE-2 1 COND 1000FT 32X24 NRR,CME02,3WIREUDSEC ,98,3.10,1
360050,CP74002PPPB,SECTIONALIZER 27KV 125KV BIL PROGRAMMABLE 10A - 480A 3 COUNT STD W/POLY MOUNTING ASSY,ARK05,3SECTIONAL ,42,1313.72,1
360051,PVI41-386-12-12,SWITCHGEAR PADMOUNT 25KV 125KV BIL SF6 DEADFRONT 4 WAY SWITCH,RYA03,3SWITCHURD ,182,58479.01,1
360052,500 25KV CU 1C EPR 1/3N 2500,500 25KV CU STR EPR 260MIL 1/3N NRR,CME02,3WIREMV    ,96,12.72,1
360053,NOTRE DAME 1500FT NRR,1/0 AWG AL QUAD 1/0-1/0-1/0-2 URD 1500FT 48X28X24 NRR,CME02,3WIREUDSEC ,372,1.65,1
360054,WAKEFOREST 1500FT NRR,4/0 AWG AL QUAD 4/0-4/0-4/0-2/0 URD 1500FT 54X32X24 NRR,CME02,3WIREUDSEC ,328,3.50,1
360055,BRENAU 1000FT NRR,1/0 AWG AL TRIPLEX 1/0-1/0-2 URD 1000FT 40X24X17 NRR,CME02,3WIREUDSEC ,372,1.51,1
360056,SWEETBRIAR 1000FT NRR,4/0 AWG AL TRIPLEX 4/0-4/0-2/0 URD 1000FT 42X26X18 NRR,CME02,3WIREUDSEC ,371,3.22,1
360057,PA21-P302,INTERRUPTER SINGLE PHASE PADMOUNT SWITCH 25KV 800AMP,RYA03,3SWITCHURD ,182,13370.37,1
360058,PVI42-386-12-9,INSULATED DEADFRONT PDMNT 4 WAY SWITCHGEAR 3 PHASE 25KV 125KV BIL,GWE02,3SWITCHURD ,147,45091.36,1
360059,PVI43-386-12-11,SWITCHGEAR 27KV 125KV BIL SF6 INSULATED DEADFRONT PDMNT 3 WAY 1 LOAD SWITCH,RYA03,3SWITCHURD ,58,50817.28,1
360060,25 DV-240/120 PAD,PAD 25 KVA 14400X7200 240/120 1PH,GEP01,3TRANURD1P ,63,2814.65,1
360062,50 DV-240/120 PAD,PAD 50 KVA 14400X7200 240/120 1PH,GEP01,3TRANURD1P ,63,2775.52,1
360063,75 DV-240/120 PAD,PAD 75 KVA 14400X7200 240/120 1PH,GEP01,3TRANURD1P ,63,3157.86,1
360064,100 DV-240/120 PAD,PAD 100 KVA 14400X7200 240/120 1PH,GEP01,3TRANURD1P ,63,3628.31,1
360065,167 DV-240/120 PAD,PAD 167 KVA 14400X7200 240/120 1PH,GEP01,3TRANURD1P ,63,4873.58,1
360066,WPBBN-BOX25,SHELL WEJ TAP CARTRIDGE BLUE,FCI02,3CONNSHOOT ,42,3.54,1
360067,75 DV-208/120 3PH PAD,PAD 75 KVA 14400X7200 208/120 3PH,ERM02,3TRANURD3P ,217,8910.69,1
360068,112.5 DV-208/120 3PH PAD,PAD 112.5 KVA 14400X7200 208/120 3PH W/ TAPS +/- 2.5%,GEP01,3TRANURD3P ,63,8358.02,1
360070,225 DV-208/120 3PH PAD,PAD 225 KVA 14400X7200 208/120 3PH W/ TAPS +/- 5%,GEP01,3TRANURD3P ,63,11099.07,1
360071,300 DV-208/120 3PH PAD,PAD 300 KVA 14400X7200 208/120 3PH,ERM02,3TRANURD3P ,228,14511.36,1
360072,500 DV-208/120 3PH PAD,PAD 500 KVA 14400X7200 208/120 3PH W/ TAPS 2 @ +/- 2.5%,ERM02,3TRANURD3P ,224,21414.86,1
360073,750 DV-208/120 3PH PAD,PAD 750 KVA 14400X7200 208/120 3PH,GEP01,3TRANURD3P ,63,33866.26,1
360074,1000 DV-208/120 3PH PAD,PAD 1000 KVA 14400X7200 208/120 3PH W/ TAPS,GEP01,3TRANURD3P ,63,44551.44,1
360075,1500 DV-208/120 3PH PAD,PAD 1500 KVA 14400X7200 208/120 3PH,GEP01,3TRANURD3P ,63,60589.29,1
360076,75 DV-480/277 3PH PAD,PAD 75 KVA 14400X7200 480/277 3PH,ERM02,3TRANURD3P ,224,11371.60,1
360077,112.5 DV-480/277 3PH PAD,PAD 112.5 KVA 14400X7200 480/277 3PH W/ TAPS +/- 2.5%,ERM02,3TRANURD3P ,224,8597.53,1
360078,150 DV-480/277 3PH PAD,PAD 150 KVA 14400X7200 480/277 3PH,ERM02,3TRANURD3P ,229,11751.23,1
360079,225 DV-480/277 3PH PAD,PAD 225 KVA 14400X7200 480/277 3PH W/ TAPS 2 @ +/- 2.5%,GEP01,3TRANURD3P ,63,11046.88,1
360080,300 DV-480/277 3PH PAD,PAD 300 KVA 14400X7200 480/277 3PH,ERM02,3TRANURD3P ,229,14303.66,1
360081,500 DV-480/277 3PH PAD,PAD 500 KVA 14400X7200 480/277 3PH,ERM02,3TRANURD3P ,224,20075.97,1
360082,750 DV-480/277 3PH PAD,PAD 750 KVA 14400X7200 480/277 3PH,ERM02,3TRANURD3P ,224,26269.94,1
360084,1500 DV-480/277 3PH PAD,PAD 1500 KVA 14400X7200 480/277 3PH W/ TAPS +/-  5%,ERM02,3TRANURD3P ,224,36741.81,1
360085,2000 DV-480/277 3PH PAD,PAD 2000 KVA 14400X7200 480/277 3PH W/ TAPS +/- 2.5%,GEP01,3TRANURD3P ,63,72045.68,1
360086,2500 DV-480/277 3PH PAD,PAD 2500 KVA 14400X7200 480/277 3PH W/ TAPS +/- 5%,ERM02,3TRANURD3P ,224,51946.91,1
360087,25 DV-120/240 2B ARR IFD PEC,CONV 25 KVA 14400X7200 120/240 2 BUSHING  W/ARR W/IFD PEC SPEC,GEP01,3TRANOH    ,63,1581.48,1
360088,37.5 DV-120/240 2B,CONV 37.5 KVA 14400X7200 120/240 2 BUSHING,GEP01,3TRANOH    ,63,1576.25,1
360089,50 DV-120/240 2B ARR TAPS SPD,CONV 50 KVA 14400X7200 120/240 2 BUSHING W/ ARRESTER TAPS SPADES,GEP01,3TRANOH    ,63,2667.49,1
360090,75 DV-120/240 2B ARR,CONV 75 KVA 14400X7200 120/240 2 BUSHING W/ 18KV ARRESTER,GEP01,3TRANOH    ,63,2581.47,1
360091,100 DV-120/240 2B SPD,CONV 100 KVA 14400X7200 120/240 2 BUSHING W/ 4H SPADES,GEP01,3TRANOH    ,63,3220.95,1
360092,167 DV-120/240 2B TAPS SPD,CONV 167 KVA 14400X7200 120/240 2 BUSHING W/ 4H SPADES,ERM02,3TRANOH    ,70,4469.98,1
360093,25 DV-277/480 2B,CONV 25 KVA 14400X7200 277/480 2 BUSHING,GEP01,3TRANOH    ,63,1389.32,1
360094,37.5 DV-277/480 2B,CONV 37.5 KVA 14400X7200 277/480 2 BUSHING,GEP01,3TRANOH    ,63,1382.47,1
360095,50 DV-277/480 2B TAPS,CONV 50 KVA 14400X7200 277/480 2 BUSHING W/TAPS,ERM02,3TRANOH    ,290,2223.46,1
360096,75 DV-277/480 2B ARR SPD,CONV 75 KVA 14400X7200 277/480 2 BUSHING W/ 18KV ARRESTER & 4H SPADES,GEP01,3TRANOH-A  ,63,2277.95,1
360097,100 DV-277/480 2B,CONV 100 KVA 14400X7200 277/480 2 BUSHING,GEP01,3TRANOH    ,63,3687.65,1
360099,25 DV-240/480 2B ARR TAPS SPD,CONV 25 KVA 14400X7200 240/480 2 BUSHING W/ ARRESTER TAPS SPADES,GEP01,3TRANOH    ,63,1978.52,1
360100,EZC6500SLC,CONNECTOR TRANSFORMER SEC 6 PORT #6-500MCM 5/8 OR 1 STUD ST LIGHT INHIBITOR W/ CLEAR BOOT,THO05,3CONNURDSE ,20,27.80,1
360101,CSW6500-58SLC,CONNECTOR TRANSFORMER SEC 6 PORT #2-500MCM 5/8 STUD ST LIGHT  INHI W/ CLR CVR,THO05,3CONNURDSE ,7,22.41,1
360102,75 DV-240/480 2B,CONV 75 KVA 14400X7200 240/480 2 BUSHING,GEP01,3TRANOH    ,63,2065.19,1
360103,100 DV-240/480 2B TAPS SPD,CONV 100 KVA 14400X7200 240/480 2 BUSHING W/ TAPS SPADES,GEP01,3TRANOH    ,63,2852.75,1
360104,6170000-21 STAMPED COG,SEAL METER PLASTIC MAROON STAMPED CITY OF GEORGETOWN SEQ NUMBERED,BRO20,3SEALS     ,120,.00,1
360105,6170000-1 STAMPED COG,SEAL METER PLASTIC RED STAMPED CITY OF GEORGETOWN SEQ NUMBERED,BRO20,3SEALS     ,120,.10,1
360106,6170000-4 STAMPED COG,SEAL METER PLASTIC ORANGE STAMPED CITY OF GEORGETOWN SEQ NUMBERED,BRO20,3SEALS     ,120,.00,1
360107,6170000-5 STAMPED COG,SEAL METER PLASTIC GRAY STAMPED CITY OF GEORGETOWN SEQ NUMBERED,BRO20,3SEALS     ,120,.00,1
360109,215FT,FEED THRU STAND OFF 15KV,ELE05,3MLDRUBBER ,14,117.79,1
360110,PS2355,BRACKET SECONDARY RACK EXTENSION  6IN,CIT05,3BRACKET   ,1,12.48,1
360111,RS900G-24-D-2SC25-XX,SWITCH ETHERNET 10 PORT RUGGEDCOM 24V,SIE02,3RELAYCTRL ,200,.00,1
360113,CEP130M1,CAPACITOR 200KVAR 14400V 2 BUSH 125KV BIL,ARK05,3CAPACITOR ,14,920.04,1
360120,7470801-27,SEAL METER CLEAR RED INSERT TOOL-LESS 8IN WIRE NUMBERED NO STAMPING,EJB02,3SEALS     ,7,.28,1
360122,CREO452W,POLE WOOD 45FT CL 2 CREOSOTE,500,2MFGCREPOL ,5,506.39,1
360124,CREO502W,POLE WOOD 50FT CL 2 CREOSOTE,209,2MFGCREPOL ,7,612.06,1
360125,88135,ANCHOR 8IN EXPANDING FOR 5/8-3/4IN ROD,ARK05,3ANCHOR    ,21,14.61,1
360126,J8200-1,ANCHOR 10IN EXPANDING FOR 1IN ROD,MAC10,3ANCHOR    ,14,107.61,1
360127,108234,ANCHOR 10" EXPANDING FOR 3/4,ARK05,3ANCHOR    ,7,65.96,1
360128,J7517,ROD ANCHOR 5/8 X 7 TWINEYE,MAC10,3ANCHORROD ,21,13.89,1
360129,J7538,ROD ANCHOR 1 X 8 TWINEYE,MAC10,3ANCHORROD ,14,70.93,1
360130,5307,ROD ANCHOR 1/2 X 7 THIMBLEYE,ARK05,3ANCHORROD ,60,12.33,1
360131,5358,ROD ANCHOR 3/4 X 8 TWINEYE,ARK05,3ANCHORROD ,56,32.60,1
360132,AL-336.4-76A,SPLICE COMPRESSION 336.4 19STR AAC FULL TENSION,NAT40,3CONNCOMP  ,14,26.67,1
360133,213709-7323,ARRESTER 10KV POLYMER XARM MOUNT W/STRAP W/ CAP,TEC05,3ARRESTDIS ,14,52.41,1
360134,8876,BOLT DOUBLE ARMING GALV 5/8 X 26 J8876,MAC10,3BOLTWSHR  ,14,6.45,1
360135,8635,BOLT CARRIAGE 3/8 X 5,POW06,3BOLTWSHR  ,20,.57,1
360136,8646,BOLT CARRIAGE 1/2 X 6,POW06,3BOLTWSHR  ,98,1.08,1
360139,8864,BOLT DOUBLE ARMING GALV 5/8 X 14,POW06,3BOLTWSHR  ,71,2.11,1
360140,8866,BOLT DOUBLE ARMING GALV 5/8 X 16,POW06,3BOLTWSHR  ,95,2.98,1
360141,8868,BOLT DOUBLE ARMING GALV 5/8 X 18,MAC10,3BOLTWSHR  ,14,5.02,1
360142,8870,BOLT DOUBLE ARMING GALV 5/8 X 20,MAC10,3BOLTWSHR  ,14,4.32,1
360143,8872,BOLT DOUBLE ARMING GALV 5/8 X 22 J8872,MAC10,3BOLTWSHR  ,56,5.24,1
360144,8874,BOLT DOUBLE ARMING GALV 5/8 X 24,MAC10,3BOLTWSHR  ,14,6.41,1
360145,8810,BOLT MACHINE GALV 5/8 X 10,MAC10,3BOLTWSHR  ,84,1.59,1
360146,8812,BOLT MACHINE GALV 5/8 X 12,ALU01,3BOLTWSHR  ,168,1.96,1
360147,8814,BOLT MACHINE GALV 5/8 X 14,ALU01,3BOLTWSHR  ,105,2.26,1
360148,8818,BOLT MACHINE GALV 5/8 X 18,MAC10,3BOLTWSHR  ,42,3.23,1
360149,8820,BOLT MACHINE GALV 5/8 X 20,MAC10,3BOLTWSHR  ,84,4.51,1
360150,8816,BOLT MACHINE GALV 5/8 X 16,ALU01,3BOLTWSHR  ,168,2.10,1
360151,8912,BOLT MACHINE GALV 3/4 X 12,ALU01,3BOLTWSHR  ,175,3.26,1
360152,8914,BOLT MACHINE GALV 3/4 X 14,ALU01,3BOLTWSHR  ,147,3.85,1
360153,PENTAHEAD BOLT SS,BOLT PENTA 1/2INX 1-1/2 STAINLESS STEEL,GEP01,3FASTENERS ,63,2.79,1
360154,310046-27,BOLT PENTA 1/2 X 3 BRONZE XLSHAFT,ERM02,3FASTENERS ,7,8.22,1
360156,9424,BOLT OVALEYE FORGED GALV 5/8 X 24,MAC10,3BOLTWSHR  ,7,4.90,1
360157,9412,BOLT OVALEYE FORGED GALV 5/8 X 12,MAC10,3BOLTWSHR  ,140,3.63,1
360158,9414,BOLT OVALEYE FORGED GALV 5/8 X 14,MAC10,3BOLTWSHR  ,105,4.79,1
360159,9416,BOLT OVALEYE FORGED GALV 5/8 X 16,MAC10,3BOLTWSHR  ,266,6.19,1
360160,9418,BOLT OVALEYE FORGED GALV 5/8 X 18,ALU01,3BOLTWSHR  ,161,5.90,1
360162,7744,BOLT SINGLE UPSET 5/8 X 14,ARK05,3BOLTWSHR  ,14,9.81,1
360163,RAAB-60,BRACE ALLEY ARM 60IN,ALU01,3WOODBRACE ,30,91.11,1
360164,327,CLEVIS W/O 3 SPOOL INSUL (J10),WES30,3CLEVIS    ,14,11.16,1
360165,3MW-24M-LAB NO BOX,BRACKET TRANSFORMER MTG (3) 3 -50KVA WING CLUSTER W/ LIFING EYE & A&B BOLT PACKS,ALU01,3BRACKET   ,161,199.47,1
360166,12MW-24-AB,BRACKET TRANSFORMER MTG. (3) 3 - 100KVA W/ TYPE A & B BOLT PACKS,ALU01,3BRACKET   ,217,397.76,1
360167,CA2125,BREAKER CIRCUIT 125A 2 POLE 240 VAC (CUTLER-HAMMER),CIT05,3SOCKETS   ,1,410.19,1
360168,CA2200,BREAKER CIRCUIT 200A 2 POLE 240 VAC (CUTLER-HAMMER),CIT05,3SOCKETS   ,1,467.64,1
360169,KE1068B,GUARD WILDLIFE 100A 15KV CUTOUT GREY,KAD01,3WILDLIFE  ,30,29.35,1
360171,G5,CLAMP GROUND ROD 5/8 10 SOL - #2 STR,GAL04,3CONNMECH  ,24,2.14,1
360172,KE1077R,GUARD WILDLIFE TRANSFORMER 72KV 5.2 INCH,KAD01,3WILDLIFE  ,30,19.37,1
360173,KE1053,GUARD WILDLIFE FOR MOV/POLYMER SURGE ARRESTORS,KAD01,3WILDLIFE  ,21,15.38,1
360174,BC2/0,CLAMP HOTLINE BRONZE 8 - 2/0 RUN 8 - 2/0 TAP,ARK05,3HOTLINE   ,17,14.59,1
360175,SUNYYK2.5NB7,LABEL LETTER-C 2.5IN TALL '7"  YELLOW ON BLACK HIGHLY REFLECTIVE,ELE01,3SIGNS     ,7,9.51,1
360176,W20-1,CLAMP WEDGE 1/0- #4 ALUM BAIL,THO05,3CONNCOMP  ,69,2.84,1
360177,7197,CLAMP WEDGE 1/0-4/0,MAC10,3CONNCOMP  ,35,3.14,1
360178,W621,CLAMP WEDGE 2-6 ALUM BAIL,THO05,3CONNCOMP  ,37,1.88,1
360182,PAN2.5H3,TAG HOLDER HORIZONTAL POLY FOR 2-1/2 LETTER,ELE01,3SIGNS     ,7,3.23,1
360183,CTB-8,INHIBITOR OXIDE 8OZ SQUEEZE BOTTLE,THO05,3LUBRICANT ,14,22.58,1
360184,SWANATE 600LB NRR,4 AWG ACSR 7/1 600LB 30X22X16 NRR (8955FT/600#),CME02,3WIREBAREA ,342,3.21,1
360185,TULIP 1900LB NRR,336.4 MCM AAC 1900LB 54X32X32 NRR (6015FT),CME02,3WIREBAREA ,280,3.85,1
360186,ASO-684-1-N,CLAMP DEAD END SHOE #4 - 336.4  ACSR SIDE LOADING,MAC10,3DESHOES   ,55,14.88,1
360187,WR139,H-TAP #4 - 1/0 RUN #8 - #14 TAP (STREETLIGHT),THO05,3CONNCOMP  ,32,.65,1
360188,WR189,H-TAP #3-1/0 RUN #6-#2 TAP,THO05,3CONNCOMP  ,25,.65,1
360189,WR279,H-TAP 2/0-#1 RUN AND TAP,THO05,3CONNCOMP  ,25,.95,1
360190,WR399,H-TAP 3/0-4/0 RUN #1-2/0 TAP,THO05,3CONNCOMP  ,31,1.07,1
360191,WR419,H-TAP 3/0-4/0 RUN AND TAP,THO05,3CONNCOMP  ,25,1.09,1
360192,WR379,H-TAP 3/0-4/0 RUN #6-#2 TAP,THO05,3CONNCOMP  ,25,1.04,1
360193,WR159,H-TAP #2-#6 RUN & TAP,THO05,3CONNCOMP  ,14,.56,1
360194,WR-835,H-TAP 4/0-477 RUN 1/0-4/0 TAP,THO05,3CONNCOMP  ,27,4.36,1
360195,WR775,H-TAP 4/0-397 RUN AND TAP,THO05,3CONNCOMP  ,22,5.79,1
360196,WR815,H-TAP 4/0-477  RUN #6-2/0 TAP,THO05,3CONNCOMP  ,14,4.28,1
360198,WR989,H-TAP 795-795 ULTIMATE RANGE,THO05,3CONNCOMP  ,6,34.99,1
360199,CFS44-1,H-TAP #4-#6 SOL RUN #4-#8 SOL,THO05,3CONNCOMP  ,14,2.27,1
360200,CC44,C-TAP #6 SOL - 4 STR RUN  #4 SOL - 4 STR CU TAP,THO05,3CONNCOMP  ,14,.87,1
360201,WCY80,CONNECTOR WEJTAP 556-795 TO 4/0-3/0,FCI02,3CONNSHOOT ,30,36.11,1
360202,WCY78,CONNECTOR WEJTAP 556-653  TAP 336,FCI02,3CONNSHOOT ,7,45.94,1
360203,WCY56,CONNECTOR WEJTAP 397.5-4/0 TO 397.5-4/0,FCI02,3CONNSHOOT ,18,25.31,1
360204,602121-0,NOT A VALID PART NUMBER SEE 602121,TYC02,3CONNSHOOT ,49,29.77,1
360207,69338-4,SHELL AMPACT CARTRIDGE YELLOW,TYC02,3CONNSHOOT ,97,1.54,1
360208,1-602121-3,SHOOT ON TAP 795 - #4,TYC02,3CONNSHOOT ,37,38.90,1
360209,LER394Z-02,DISCONNECT 25KV 900A LINE TAP LB HOOKS W/ NO HANGERS,SIE02,3SWITCH1PH ,70,375.48,1
360210,WCY84,CONNECTOR WEJTAP 556.5-1000 TO 6-1/0,FCI02,3CONNSHOOT ,35,36.54,1
360211,WCY49,CONNECTOR WEJTAP 336 ACSR - #4 ACSR,FCI02,3CONNSHOOT ,14,18.26,1
360212,2B20,CONNECTOR 2-BOLT CU/AL 2 - 2/0 MCM RUN 8 - 2/0 MCM TAP,THO05,3CONNMECH  ,7,27.94,1
360213,602000,SHOOT ON TAP 336.4 - 2,TYC02,3CONNSHOOT ,14,22.79,1
360214,2B1000PW,CONNECTOR 2-BOLT CU/AL 750 - 1000 MCM RUN 2 - 1000 MCM TAP W/ SPACER & FREE BOLT,THO05,3CONNMECH  ,15,64.47,1
360215,BARE CU 6 SOL SD 25LB SPL,6 AWG BARE SD CU SOLID 25LB SPOOL (315FT),SER02,3WIREBAREC ,17,6.99,1
360216,XARM 8FT TYPE 3,XARM WOOD 3-3/4X4-3/4X8 REA,BRO02,3XARMWOOD  ,36,77.69,1
360217,VAUL2012BN,LUG COMPRESSON 2/0 AL/CU 2/0 6/1 ACSR 3/0 COMPACT,ARK05,3CONNCOMP  ,60,5.64,1
360218,XARM 10FT TYPE 5,XARM 10 TYPE 5   3-3/4 X 4-3/4,BRO02,3XARMWOOD  ,36,106.29,1
360219,2892-B4,DEADEND 3-5/8 X 7-1/2 X 10FT 4 WIRE,HUG08,3XARMWOOD  ,27,631.56,1
360220,DEH48DP,DEADEND NARROW PROFILE 48" 9500LB RATED,ARK05,3XARMWOOD  ,70,310.81,1
360221,WCY54,CONNECTOR WEJTAP 397.5-4/0 TO 266.8-2/0,FCI02,3CONNSHOOT ,17,21.06,1
360222,4717,PIN XARM GALV 5/8 X 7 X 1-3/8 LEAD HEAD,ELE05,3PINHDWE   ,32,26.51,1
360223,J203Z,PIN XARM GALV 5/8 X 5 X 1 NYLON 5-3/4IN SHANK,MAC10,3PINHDWE   ,101,5.69,1
360224,602001,SHOOT ON TAP 336.4 - 1/0,TYC02,3CONNSHOOT ,19,14.71,1
360225,WCY83,CONNECTOR WEJTAP 556.5 TO 795 ACSR,FCI02,3CONNSHOOT ,30,34.37,1
360226,CPG27-300A-125-CX,CUTOUT 27KV 300A SOLID BLADE 125 BIL W/ PG CONN & EXT BRKT,ALU01,3CUTOUTPRC ,105,109.87,1
360228,SUNYYK2.5NB1,LABEL LETTER-C 2.5IN TALL "1" YELLOW ON BLACK HIGHLY REFLECTIVE,ELE01,3SIGNS     ,7,7.31,1
360229,GDE1107,GRIP DEAD END GUY 3/8 35IN ORANGE,PRE12,3FMDWIRE   ,76,3.07,1
360230,RS900G-HI-D-2SC25-XX,SWITCH ETHERNET 10 PORT RUGGEDCOM 110V,SIE02,3RELAYCTRL ,200,.00,1
360232,WPBYN-BOX25,SHELL WEJ TAP CARTRIDGE YELLOW,FCI02,3CONNSHOOT ,104,1.70,1
360233,9420,BOLT OVALEYE FORGED GALV 5/8 X 20,POW06,3BOLTWSHR  ,60,5.89,1
360236,5575,PLATE GROUND CU POLE BUTT 7.5 X 7.5,THO05,3GRPLATES  ,23,7.07,1
360239,S1540AGP,CLAMP HOTLINE AL TIN PLATED 4-266 RUN 6-266 TAP,WES30,3HOTLINE   ,14,27.72,1
360240,RMYGG-SM-8TST,GUARD GUY HDPE YELLOW 8FT W/ TIE WRAP (750/LIFT),RMP02,3GUYGUARD  ,76,7.04,1
360241,AAC301,CLAMP ANGLE #4 - 397.5  .23IN - .75IN,ARK05,3DESHOES   ,34,24.91,1
360242,AHLS-954022-E,STIRRUP BOLTED 336.4 - 954 ACSR W/ 2/0 BAIL 2 BOLT,ARK05,3CONNMECH  ,238,51.53,1
360243,AHLS-024021E,STIRRUP BOLTED #4 - 4/0 ACSR W/ 1/0 BAIL 2 BOLT,ARK05,3CONNMECH  ,238,27.06,1
360244,81880,DUCT SEAL 1LB BAG,THO05,3TOOL      ,7,2.91,1
360246,CP710-211PB,CUTOUT 27KV 100A POLYMER 125 BIL W/ PG CONN & BRKT 8KAIC,CIT05,3CUTOUTPOL ,1,180.85,1
360248,FI-3CS04NAM,FAULT INDICATOR PADMOUNT,SMA02,3FAULTIND  ,36,162.82,1
360249,56-1,INSULATOR PIN J-NECK 56-1 1-3/8 IN,VIC04,3INSULPORC ,20,15.05,1
360250,FI-3CS04NCM-3PH,FAULT INDICATOR URD 4HR RESET 3PH,SMA02,3FAULTIND  ,150,591.51,1
360251,53-2,INSULATOR SPOOL 3IN ANSI 53-2 GRAY,NEW13,3INSULPORC ,104,1.65,1
360252,31020,FUSE FIT ALL TYPE K 20A,COO02,3FUSE      ,91,4.70,1
360253,31040,FUSE FIT ALL TYPE K 40A,COO02,3FUSE      ,89,5.24,1
360254,51008,FUSE FIT ALL TYPE T 8A,COO02,3FUSE      ,91,3.82,1
360255,51010,FUSE FIT ALL TYPE T 10A,COO02,3FUSE      ,91,3.83,1
360256,TAP10CUSTR-05,1/0 AWG CU 19 STR SD HENDRIX TAP WIRE 500FT NRR TPR COVER,HEN03,3WIRERISER ,90,5.46,1
360257,51003,FUSE FIT ALL TYPE T 3A,COO02,3FUSE      ,91,3.97,1
360259,51006,FUSE FIT ALL TYPE T 6A,COO02,3FUSE      ,91,3.97,1
360260,51012,FUSE FIT ALL TYPE T 12A,COO02,3FUSE      ,91,3.96,1
360261,51015,FUSE FIT ALL TYPE T 15A,COO02,3FUSE      ,91,3.93,1
360262,51020,FUSE FIT ALL TYPE T 20A,COO02,3FUSE      ,91,3.79,1
360263,51025,FUSE FIT ALL TYPE T 25A,COO02,3FUSE      ,91,4.39,1
360264,51030,FUSE FIT ALL TYPE T 30A,COO02,3FUSE      ,91,4.25,1
360265,51040,FUSE FIT ALL TYPE T 40A,COO02,3FUSE      ,91,4.65,1
360266,51050,FUSE FIT ALL TYPE T 50A,COO02,3FUSE      ,63,4.51,1
360267,51065,FUSE FIT ALL TYPE T 65A,COO02,3FUSE      ,91,7.21,1
360268,51080,FUSE FIT ALL TYPE T 80A,COO02,3FUSE      ,91,8.79,1
360269,51100,FUSE FIT ALL TYPE T 100A,COO02,3FUSE      ,14,7.98,1
360270,UT-H4233A,SOCKET METER 200A 1P ST,DUR03,3SOCKETS   ,365,.00,1
360271,U4518-XL-TG-5TW,TERMINAL BOX 5 TERMINALS SMALL CLOSING PLATE TRIPLEX GRD 5TH WIRE INSTALLED,MIL07,3SOCKETS   ,372,.00,1
360272,CMW12,LOCKWASHER DOUBLE COIL FOR 1/2 BOLT,CIT05,3BOLTWSHR  ,1,1.42,1
360273,C2050188,LOCKWASHER DOUBLE COIL FOR 3/8 BOLT,CIT05,3BOLTWSHR  ,1,.43,1
360274,CMW58,LOCKWASHER DOUBLE COIL FOR 5/8 BOLT,CIT05,3BOLTWSHR  ,1,1.73,1
360275,UC7460-WL,SOCKET METER 20A 8 TERMINAL RINGLESS W/ TS PROV,MIL07,3SOCKETS   ,372,.00,1
360277,UC7532-RL-441,SOCKET METER 20A 6T W/HUB OPENING PRE-WIRE TS06-0658 CITY OF GEORGETOWN,MIL07,3METER     ,372,.00,1
360278,602U3060A13-1733,SOCKET METER 20A 13T W/ 10-POLE TEST SWITCH PREWIRED,EJB02,3SOCKETS   ,7,383.68,1
360279,U7040-RL-TG,SOCKET METER 200A 4T OH/UG SMALL HUB OPENING & TRIPLEX GROUND,MIL07,3SOCKETS   ,189,49.10,1
360280,U7420-RL,SOCKET METER 200A 7T OH NO HUB,MIL07,3SOCKETS   ,372,142.88,1
360282,NAIL 8D GALV 1LB BOX,NAIL 8D GALVANIZED (1 LB BOX),CIT05,3FASTENERS ,1,5.80,1
360283,6502,EYENUT FORGED OVAL FOR 5/8 BOLT,POW06,3BOLTWSHR  ,70,3.85,1
360284,6503,EYENUT FORGED OVAL FOR 3/4 BOLT,ELE05,3BOLTWSHR  ,14,5.09,1
360285,6510,EYENUT FORGED THIMBLE FOR 5/8 BOLT,ALU01,3BOLTWSHR  ,175,3.79,1
360286,J25179Z,PIN POLE TOP OFFSET 1-3/8 (PLASTIC),MAC10,3PINHDWE   ,217,30.25,1
360287,QF48-24-18,GROUND SLEEVE FIBERGLASS 48" X 24" X 18",QUA07,3GRDSLEEVE ,112,237.79,1
360289,11510SCAMT1R2FGRFD29822,FIXTURE ROADWAY COBRAHEAD 100W HPS MULTI-TAP FOREST GREEN,ACU01,3LGHTHID   ,70,135.95,1
360290,GH6,GUY ATTACHMENT 3/4IN  MTG BOLT GOAT HEAD 2 BOLT STYLE,ELE05,3BRACKET   ,16,4.81,1
360291,TS-PTS-GRTWN-13,COVER WIRE WAY FOR 360374,CIT05,3METER     ,1,5.86,1
360292,LSGP-516212,SCREW LAG SQUARE HEAD 5/16 X 2-1/2 GIMLET POINT,LIN05,3BOLTWSHR  ,14,.21,1
360293,508754,SCREW LAG SQUARE HEAD 1/2 X 4 FETTER DRIVE DRIVE PO,POW06,3BOLTWSHR  ,70,.75,1
360294,SHEPERD 500FT COIL,6 AWG AL DUPLEX ACSR NEU 500FT COIL,CME02,3WIREOHSEC ,252,.31,1
360295,APPALOOSA 1100FT NRR,4/0 AWG AL QUAD ACSR NEU 1100FT 50X32X24 NRR,CME02,3WIREOHSEC ,348,3.23,1
360296,ZUZARA 1000FT NRR,4/0 AWG AL TRIPLEX ACSR NEU 1000FT 42FX25WX14T NRR,CME02,3WIREOHSEC ,301,2.24,1
360297,GL406A,SPLICE AUTO 1/0,ELE05,3CONNAUTO  ,14,9.63,1
360298,ATS1020,SPLICE AUTO 1/0 - 2/0,THO05,3CONNAUTO  ,47,17.19,1
360299,E8182053P-ZN11407,SWITCH AIRBREAK HANDLE EXTENSION LINK GALV  BOLT AR11P PIPE HDWR,CIT05,3SWITCH3PH ,1,.00,1
360300,GL402A,SPLICE AUTO #4 ACSR,ARK05,3CONNAUTO  ,14,8.38,1
360301,GL410,SPLICE AUTO 336.4 ACSR 18/1  266-336 AAC  312.8 AAAC,ARK05,3CONNAUTO  ,64,24.61,1
360302,GL1385A,SPLICE AUTO 795 AAC,ARK05,3CONNAUTO  ,154,78.19,1
360303,GL111,SPLICE AUTO CU #6 SOL FULL TENSION,ARK05,3CONNAUTO  ,63,4.72,1
360304,GL411,SPLICE AUTO 336.4 18/1 ACSR 336.4 & 397.5  AAC 394.5 AAAC,ARK05,3CONNAUTO  ,42,28.68,1
360305,LK830T,LINK FIGURE 8 W/ 90 DEGREE TWIST 30K,ELE05,3BOLTWSHR  ,16,21.93,1
360307,RC336,SPLICE COMPRESSION 336.4 ACSR FULL TENSION,THO05,3CONNCOMP  ,118,37.83,1
360308,31012,FUSE FIT ALL TYPE K 12A,COO02,3FUSE      ,91,4.48,1
360309,31025,FUSE FIT ALL TYPE K 25A,COO02,3FUSE      ,59,5.54,1
360310,31065,FUSE FIT ALL TYPE K 65A,COO02,3FUSE      ,21,7.61,1
360311,AC336,SPLICE ALUMINUM 336  FULL TENSION,MAC10,3CONNCOMP  ,7,2.05,1
360312,147433R4-H-A2W ED-710R4,SWITCH ABS FBGLS OMNI-RUPTER 25KV 900A,SCE03,3SWITCH3PH ,147,7250.62,1
360313,118324,STAPLE 1-1/2  X 3/8 X 0.148 9G KNURLED SLASH POINT GALV 50# BX (3050 PCS),BEK01,3FASTENERS ,119,2.63,1
360314,3/8 GUY HS 500FT,WIRE GUY 3/8 HS 500 COILS (.272#/FT),CON08,3WIREGUY   ,140,.59,1
360315,J26634,BRACKET XARM ARRESTER/CUTOUT,MAC10,3BRACKET   ,227,11.12,1
360316,AR114FFLST,SWITCH GOAB 25KV 900A 150KV BIL W/STL GROUND OPERATING PROVISION,ARK05,3SWITCH3PH ,43,5127.15,1
360317,TLS-42-TP,TERMINAL EYEBOLT #6-250 1/4" BAR TIN PLATED,THO05,3CONNMECH  ,14,12.17,1
360318,TLS62TP,TERMINAL EYEBOLT 1/0-500 1/4IN BAR TINNED,WOO01,3CONNMECH  ,7,17.36,1
360319,HGSE020,LUG TRANSFORMER GROUND 8 SOL - 2/0 STR 2 WAY BASKET,PEN04,3CONNMECH  ,14,6.66,1
360320,ARP00035,TERMINAL 5TH PLUG IN,DUR03,3SOCKETS   ,56,5.40,1
360321,PMS-360321,PRIMARY METER SET 15KV 50:1 VT,CIT05,3MTRSET    ,7,.00,1
360324,750X120260,CURRENT TRANSFORMER 600V 200:5  JAD-OC W/ SS BASE,GEG02,3CTVTPT    ,275,109.81,1
360325,750X120262,CURRENT TRANSFORMER 600V 400:5  JAD-OC W/ SS BASE,GEG02,3CTVTPT    ,28,109.81,1
360326,25 DV-240/120 PAD T1,PAD 25 KVA 14400X7200 240/120 1PH ANSI TYPE 1/MAXI,GEP01,3TRANURD1P ,63,2257.95,1
360328,75 DV-240/120 PAD T1,PAD 75 KVA 14400X7200 240/120 1PH TYPE I,GEP01,3TRANURD1P ,63,3324.45,1
360329,YA2C2N,LUG COMPRESSION #2 2H CU,FCI02,3CONNCOMP  ,14,5.35,1
360330,SUNYYK2.5NB2,LABEL LETTER-C 2.5IN TALL "2" YELLOW ON BLACK HIGHLY REFLECTIVE,ELE01,3SIGNS     ,7,10.41,1
360331,SUNYYK2.5NB3,LABEL LETTER-C 2.5IN TALL "3" YELLOW ON BLACK HIGHLY REFLECTIVE,ELE01,3SIGNS     ,7,9.05,1
360332,SUNYYK2.5NB4,LABEL LETTER-C 2.5IN TALL '4"  YELLOW ON BLACK HIGHLY REFLECTIVE,ELE01,3SIGNS     ,7,9.11,1
360333,SUNYYK2.5NB5,LABEL LETTER-C 2.5IN TALL "5" YELLOW ON BLACK HIGHLY REFLECTIVE,ELE01,3SIGNS     ,7,8.96,1
360334,750X133331,CURRENT TRANSFORMER 600V 200:5 JAK-OC W/LBP PRI BAR,GEG02,3CTVTPT    ,260,130.32,1
360335,MR-DNX,LIGHT STREET CONTROLL BOX 277V SPEC 6863 (TRINETIC) W/ MOUNT BRACKET,CIT05,3RELAYCTRL ,1,1316.26,1
360336,ELBOW STL 1X90X24R,ELBOW RIGID 1IN 90 DEGREE 24IN RADIUS,CIT05,3CONDUFITT ,3,51.85,1
360337,TIE WIRE #4 ALUM,TIE WIRE #4 ALUM 25# BOX COIL (654FT/25#),NEH02,3WIRETIE   ,47,3.82,1
360338,TIE WIRE #6 ALUM,TIE WIRE #6 ALUM 25# BOX COIL (1033FT/25#),NEH02,3WIRETIE   ,61,3.89,1
360339,750X136202,CURRENT TRANSFORMER 600V 200:5 JAB-OC PAD MTD,GEG02,3CTVTPT    ,310,84.00,1
360340,750X133311,CURRENT TRANSFORMER 600V 200:5 JAK-0C W/LBP RF4,GEG02,3CTVTPT    ,249,89.08,1
360341,750X133313,CURRENT TRANSFORMER 600V 400:5 JAK-0C  W/LBP RF4,GEG02,3CTVTPT    ,365,87.86,1
360342,92352-019,CURRENT TRANSFORMER 600:5 WINDOW TYPE ITRON R6M LOW BASE,PRI15,3CTVTPT    ,7,98.77,1
360343,750X136204,CURRENT TRANSFORMER 600V 400:5  JAB-OC PAD MTD,GEG02,3CTVTPT    ,310,84.03,1
360344,605ASTRA,CURRENT TRANSFORMER 600V 10KVBIL 600:5,DUR03,3CTVTPT    ,365,.00,1
360345,750X120001-ZN11407,CURRENT TRANSFORMER 10KVBIL 800:5 TYPE JAD-0C,GEG02,3CTVTPT    ,250,.00,1
360346,607,CURRENT TRANSFORMER 10KVBIL 1000:5 ASTRA TYPE AP,DUR03,3CTVTPT    ,300,.00,1
360347,750X136212,CURRENT TRANSFORMER 600V 1200:5 JAB-OC PAD MTD,GEG02,3CTVTPT    ,266,105.19,1
360348,760X134005,VOLTAGE TRANSFORMER 600V 2.5:1 300:120 JVA-0C UNFUSED,GEG02,3CTVTPT    ,365,218.55,1
360349,1055ASTRA-ZN11407,VOLTAGE TRANSFORMER 10KVBIL 480:120 TYPE DB,DUR03,3CTVTPT    ,275,.00,1
360350,1086,WASHER ROUND GALVANIZED 1-3/8 FOR 1/2 BOLT,ALU01,3BOLTWSHR  ,77,.12,1
360351,6813,WASHER SQUARE FLAT GALV 2-1/4 X 3/16 FOR 5/8 BOLT,ARK05,3BOLTWSHR  ,14,.82,1
360352,6823,WASHER SQUARE CURVED 3 X 3 X 1/4 FOR 3/4 BOLT (13/16IN H) J6823,MAC10,3BOLTWSHR  ,99,1.64,1
360353,113,WASHER SQUARE CURVED 3 X 3 X 1/4 FOR 5/8 BOLT 11/16H #233,ALL38,3BOLTWSHR  ,109,1.47,1
360354,6829,WASHER SQUARE CURVED 4X4X1/4 15/16 HOLE FOR 7/8 BOLT,POW06,3BOLTWSHR  ,14,2.08,1
360355,AF626,BRACE XARM WOOD 38 X 18 (2 BRACES/PAIR),ALU01,3WOODBRACE ,19,9.74,1
360356,RA6018,BRACE XARM WOOD 60 X 18 (2 BRACES/PAIR),ALU01,3WOODBRACE ,18,21.89,1
360357,750X133343,CURRENT TRANSFORMER 600V 400:5 JAK-OC W/HBP PRI BAR,GEG02,3CTVTPT    ,365,178.60,1
360358,CREO501W,POLE WOOD 50FT CL 1 CREOSOTE,500,2MFGCREPOL ,5,639.82,1
360359,SPRAM45-386F-40PI-ZN11407,SWITCHGEAR PADMOUNTED LOADBREAK 27KV,GWE02,3SWITCHURD ,112,.00,1
360360,FI-3AS24TRB,FAULT INDICATOR OVERHEAD 120A 24HR RESET,SMA02,3FAULTIND  ,28,210.80,1
360361,RAVEN 885LB NRR,1/0 AWG ACSR 6/1 885LB 36X22X18 NRR (6095FT PROX),CME02,3WIREBAREA ,175,3.14,1
360362,LINNET 3795LB NRR,336.4 MCM ACSR 26/7 3795LB 60X28X28 NRR (8205' PROX),CME02,3WIREBAREA ,219,2.36,1
360363,ARBUTUS 3700LB NRR,795 MCM AAC 3700LB 66X32X32 NRR (4960 FT PROX),CME02,3WIREBAREA ,280,5.70,1
360364,B2218-B4,DEADEND 3-5/8 X 9-1/2 X 10,CIT05,3XARMWOOD  ,1,1455.81,1
360366,LU200 MOGUL,BULB 200W HPS MOGUL BASE,HOW02,3LGHTLAMP  ,63,6.46,1
360367,LU400,BULB 400W HPS MOG BASE S51 ET18 CLEAR,HOW02,3LGHTLAMP  ,48,7.65,1
360372,MH100/U/MOG,BULB 100W MH MOGUL BASE CLEAR,HOW02,3LGHTLAMP  ,21,19.89,1
360375,360375,BASE FOR STREETLIGHT POLE BREAKAWAY 20' HIGH 11"-13" BC,CIT05,3LGHTARM   ,7,.00,1
360377,POLE ANTIQUE GREEN 10FT,POLE ANTIQUE GREEN 10FT CAST ALUMINUM 17IN BASE NORTH YORKSHIRE,CIT05,3POLELGHT  ,7,.00,1
360382,ATBSFMVOLTR3XLP5A0NLRFD204077,FIXTURE ROADWAY 50W ADJUSTABLE LED MULTI VOLT FOREST GREEN W/ PHOTO RECEPTACLE,ACU01,3LGHTLED   ,70,200.00,1
360383,PVI62-386-12-62F,INSULATED DEADFRONT PDMNT 2 WAY 4 LOAD SWITCH 25KV 125KV BIL SF6,RYA03,3SWITCHURD ,175,92685.19,1
360385,ATBMFMVOLTR3XLP5A0NLRFD204078,FIXTURE ROADWAY 130W ADJUSTABLE LED MULTI VOLT FOREST GREEN W/ PHOTOCONTROL,ACU01,3LGHTLED   ,70,.00,1
360386,BARE CU 2 7STR SD 25LB SPL,2 AWG BARE SD CU 7 STR 25LB SPOOL (125FT),SER02,3WIREBAREC ,16,7.49,1
360387,1313010,LOCK ROTARY SHACKLE W/OUT KEYS STERLING BRAND CITY OF GEORGETOWN,ENG02,3SAFETY    ,43,8.91,1
360390,360390-ZN11407,BASE COVER FOR ANTIQUE STREET LIGHT GREEN,CIT05,3LGHTPART  ,2,.00,1
360392,11520SCAMT1FGRFD57133,FIXTURE ROADWAY COBRAHEAD HPS 200W MULTIVOLT,ACU01,3LGHTHID   ,100,178.88,1
360394,CONDUIT PVC 2X20,CONDUIT PVC 2IN X 20FT SCH 40 LONG BELL (8508) 2800'/LIFT,ATK01,3CONDUPIPE ,49,3.23,1
360395,CONDUIT PVC 3X20,CONDUIT PVC 3IN X 20FT SCH 40 LONG BELL (8512) (1760'/LIFT),ATK01,3CONDUPIPE ,49,6.38,1
360396,CONDUIT PVC 4X20,CONDUIT PVC 4IN X 20FT SCH 40 LONG BELL (8516),ATK01,3CONDUPIPE ,112,8.32,1
360397,CONDUIT PVC 6X20,CONDUIT PVC 6IN X 20FT SCH 40 LONG BELL (8524),ATK01,3CONDUPIPE ,49,15.03,1
360399,GROUND ROD 5/8 X 8 13 MIL,GROUND ROD 5/8IN X 8FT CU 13MIL,ERI02,3GRROD     ,126,20.09,1
360401,12 CU STR THHN BLK 500FT NRR,12 AWG CU STR THHN BLK 600V 500FT NRR,CME02,3WIRE600VC ,17,.22,1
360402,GPRT-350-4P-C,CONNECTOR AL BAR 4 POS 12-350MCM WATER TIGHT EPDM CLR BACK,TYC02,3CONNURDSE ,75,52.17,1
360403,TB502SS,BOLT HEX CAP 1/2 X 2 STAINLESS STEEL,ALL15,3FASTENERS ,16,.61,1
360405,SDV7-SE-ZN,BREAKER CIRCUIT W/ VS-25008 INTERRUPTER,SIE02,3SWITCH3PH ,112,.00,1
360407,1804703-ZN11407,PAD FLAT CONCRETE 102IN X 97IN  25KV SG -PME W/THREADED PROVISIONS,CIT05,3XFRMRPAD  ,1,.00,1
360409,NS127B,PHOTOCELL 105-305V 1000W D2D LONG LIFE FOR LED FIXTURES BLK,NIG02,3LGHTPE    ,73,12.96,1
360410,FW50SSPPBE,WASHER BELLEVILLE 1/2" SS,ALL15,3FASTENERS ,14,.59,1
360411,642,WIPE MULTI-PURPOSE ORANGE PEEL CLEANING  - BUCKET,CIT05,3CLEANER   ,1,51.23,1
360412,31080,FUSE FIT ALL TYPE K 80A,COO02,3FUSE      ,91,8.06,1
360413,51001,FUSE FIT ALL TYPE T 1A,COO02,3FUSE      ,91,5.15,1
360414,CONCH 500FT COIL,2 AWG AL TRIPLEX ACSR NEU 500FT COIL,CME02,3WIREOHSEC ,133,1.00,1
360415,1500 14400-2400 3PHPAD-ZN11407,1500 14400 - 2400 3PH PAD,CIT05,3TRANURD3P ,8,.00,1
360416,51002,FUSE FIT ALL TYPE T 2A,COO02,3FUSE      ,91,4.93,1
360417,PERIWINKLE 500FT COIL,4 AWG AL TRIPLEX ACSR NEU 500FT COIL 86LBS,CME02,3WIREOHSEC ,252,.70,1
360418,AR134FFLPT,SWITCH AIRBREAK 25KV 900AMP VERT MOUNT VERT SWING AUTO READY,ARK05,3SWITCH3PH ,70,.00,1
360419,Y619973,DECAL URD TAG KIT BLUE 2X2.5 (PACK 25),ELE01,3SIGNS     ,7,14.60,1
360420,Y619974,DECAL URD TAG KIT RED 2X2.5 (PACK 25),ELE01,3SIGNS     ,7,14.60,1
360421,COSTENA 1200FT NRR,1/0 AWG AL QUAD ACSR NEU 1200FT 42X26X18 NRR,CME02,3WIREOHSEC ,300,1.57,1
360422,NERITINA 500FT COIL,1/0 AWG AL TRIPLEX ACSR NEU 500FT COIL,CME02,3WIREOHSEC ,251,1.84,1
360423,GS206622W,GROUND SLEEVE FOR JUNCTION BOX 20"X66"X22",CIT05,3GRDSLEEVE ,1,343.28,1
360424,SLIPPERY ROCK 1000FT NRR,350 MCM AL QUAD 350-350-350-4/0 URD 1000FT 60X28X28 NRR,CME02,3WIREUDSEC ,62,4.12,1
360425,25 DV-240/120 PAD-VFI,PAD 25 KVA 14400/7200 240/120 1PH TYPE 2 VFI SWITCH,COO02,3TRANURD1P ,372,11283.95,1
360426,15 DV-120/240 1B SPD,CONV 15 KVA 14400X7200 120/240 1 BUSHING W/ 2H SPADES,GEP01,3TRANOH    ,63,1073.74,1
360428,SUNYYK2.5NB6,LABEL LETTER-C 2.5IN TALL "6 OR 9" YELLOW ON BLACK HIGHLY REFLECTIVE,ELE01,3SIGNS     ,7,8.64,1
360429,SUNYYK2.5NB8,LABEL LETTER-C 2.5IN TALL "8" YELLOW ON BLACK HIGHLY REFLECTIVE,ELE01,3SIGNS     ,7,6.04,1
360431,SUNYYK2.5NB0,LABEL LETTER-C 2.5IN TALL "0" YELLOW ON BLACK HIGHLY REFLECTIVE,ELE01,3SIGNS     ,7,9.05,1
360432,URDP1KITW,TAG BLANK WHITE 2X2.5 URD KIT W/ ZIP TIES (Y605674),ELE01,3SIGNS     ,7,14.60,1
360433,Y653683,LABEL ADHESIVE - BURIED CABLE,ELE01,3SIGNS     ,70,2.42,1
360434,8708,BOLT MACHINE GALV 1/2 X 8,POW06,3BOLTWSHR  ,14,1.12,1
360435,8806,BOLT MACHINE GALV 5/8 X 6,ALU01,3BOLTWSHR  ,217,1.07,1
360436,PMXFORMER,TAG DECAL PAD XFMR NUMBER ID 6" X 2" SERIALIZED REFLECTIVE LABEL BLACK ON WHITE,CIT05,3SIGNS     ,1,4.67,1
360437,GLN-AL-05,POLE TAG AL PLATE FOR 1" STICKERS 6"X5"X.2 (PREMAX),CIT05,3SIGNS     ,1,1.33,1
360438,U1240BW-COG-TX,TAG POLE 1 1/4" X 4 11/16" LABEL BLACK ON  LOGO CITY OF GEORGETOWN,CIT05,3SIGNS     ,1,.70,1
360439,476045COG-TX,POLE TAG PLATE STICKER FOR 1" STICKERS 5X6IN CITY OF GEORGETOWN,CIT05,3SIGNS     ,7,1.84,1
360440,U1080SYB-120-0,LABEL LETTER-1IN TALL '0"  YELLOW ON BLACK SHEET,UTI05,3SIGNS     ,7,6.40,1
360441,U1080SYB-120-1,LABEL LETTER-1IN TALL '1"  YELLOW ON BLACK SHEET,UTI05,3SIGNS     ,7,6.40,1
360442,U1080SYB-120-2,LABEL LETTER-1IN TALL '2"  YELLOW ON BLACK SHEET,UTI05,3SIGNS     ,7,6.40,1
360443,U1080SYB-120-3,LABEL LETTER-1IN TALL '3"  YELLOW ON BLACK SHEET,UTI05,3SIGNS     ,7,6.43,1
360444,U1080SYB-120-4,LABEL LETTER-1IN TALL '4"  YELLOW ON BLACK SHEET,UTI05,3SIGNS     ,7,6.40,1
360445,ADSB48N,CLAMP DEAD END SHOE STRAIGHT LINE #6 - 3/0 .18-.502 IN SINGLE BOLT,CIT05,3DESHOES   ,1,14.27,1
360446,ADE2526S,CLAMP DEADEND CLAMP QUADRANT STYLE 336.4 26/7 - 1192.5 45/7 ACSR W/ SOCKET,MAC10,3DESHOES   ,140,97.26,1
360447,AS2720-4.5,GUYING TEE DOUBLE 15/16 MOUNTING HOLE 70K RATED CURVED BASE,HUG08,3BRACKET   ,76,83.17,1
360448,CMW34,LOCKWASHER DOUBLE COIL FOR 3/4 BOLT,CIT05,3BOLTWSHR  ,1,1.35,1
360450,U2161-XT-200-171-ZN11407,SOCKET METER 400A 13T RL 600V TS,MIL07,3SOCKETS   ,372,.00,1
360451,U1080SYB-120-5,LABEL LETTER-1IN TALL '5"  YELLOW ON BLACK SHEET,UTI05,3SIGNS     ,7,6.40,1
360452,U1080SYB-120-6,LABEL LETTER-1IN TALL '6"  YELLOW ON BLACK SHEET,UTI05,3SIGNS     ,7,6.40,1
360453,0800,FUSE HOLDER PAD MOUNT,SOL02,3FUSE      ,7,27.16,1
360455,37.5 14.4-240/120 PAD GT,PAD 37.5 KVA 14400 240/120 1PH,ERM02,3TRANURD1P ,365,2109.69,1
360456,U1080SYB-120-B,LABEL LETTER-1IN TALL 'B"  YELLOW ON BLACK,UTI05,3SIGNS     ,7,6.40,1
360457,75 14.4-240/120 PAD GT,PAD 75 KVA 14400 240/120 1PH,ERM02,3TRANURD1P ,365,2705.77,1
360458,CSTK2,STRAP KIT 2IN,CIT05,3BRACKET   ,1,8.27,1
360459,CSTK3,STRAP KIT 3IN,TEC05,3BRACKET   ,14,8.02,1
360460,F4242-32CL1224,PAD FLAT POLYMER CONCRETE 42 X 42 X 3 W/ 12 X 24 OPENING W/ TIE DOWN & 1 LIFT PROV,DIV02,3XFRMRPAD  ,10,147.24,1
360461,CSTK4,STRAP KIT 4IN,CIT05,3BRACKET   ,1,7.64,1
360462,CSTK6,STRAP KIT 6IN,CIT05,3BRACKET   ,1,10.00,1
360463,150 DV-208/120 3PH PAD,PAD 150 KVA 14400X7200 208/120 3PH,ERM02,3TRANURD3P ,227,13081.64,1
360464,225 14.4-208/120 3PH PAD PEC,PAD 225 KVA 14400 208/120 3PH PEC SPEC,ERM02,3TRANURD3P ,221,13056.79,1
360465,INS-25-PK-2,INSULATOR PIN VISE TOP 25KV ANSI 56-1 1-3/8IN,ALU01,3INSULPOLY ,26,15.89,1
360466,500 14.4-208/120 3PH PAD,PAD 500 KVA 14400 208/120 3PH "NO TAPS",GEP01,3TRANURD3P ,63,12766.84,1
360467,2000 14.4-480/277 3PH PAD,PAD 2000 KVA 14400 480/277 3PH,GEP01,3TRANURD3P ,63,45317.28,1
360468,1000 14.4-208/120 3PH PAD,PAD 1000 KVA 14400 208/120 3PH W/TAPS,GEP01,3TRANURD3P ,63,23560.49,1
360469,U1080SYB-120-7,LABEL LETTER-1IN TALL '7"  YELLOW ON BLACK SHEET,UTI05,3SIGNS     ,7,6.40,1
360470,U1080SYB-120-8,LABEL LETTER-1IN TALL '8"  YELLOW ON BLACK SHEET,UTI05,3SIGNS     ,7,6.40,1
360471,75 14.4-480/277 3PH PAD,PAD 75KVA 14400 480/277 3PH PAD,GEP01,3TRANURD3P ,63,6904.32,1
360472,112.5 14.4-480/277 3PH PAD,PAD 112.5 KVA 14400 480/277 3PH W/TAPS,GEP01,3TRANURD3P ,63,8139.27,1
360473,150 14.4-480/277 3PH PAD,PAD 150  KVA 14400 480/277 3PH W/TAPS,GEP01,3TRANURD3P ,63,8073.39,1
360474,225 14.4-480/277 3PH PAD,PAD 225 KVA 14400 480/277 3PH W/TAPS,GEP01,3TRANURD3P ,63,9479.01,1
360475,300 14.4-480/277 3PH PAD,PAD 300KVA 14400 480/277 3PH,ERM02,3TRANURD3P ,224,9223.90,1
360476,500 14.4-480/277 3PH PAD,PAD 500KVA 14400 480/277 3PH,GEP01,3TRANURD3P ,63,13943.21,1
360478,U1080SYB-120-9,LABEL LETTER-1IN TALL '9"  YELLOW ON BLACK SHEET,UTI05,3SIGNS     ,7,6.40,1
360479,V138WH,TAG BLANK WHITE  SECONDARY SERVICE ID W/ZIP TIES,ELE01,3SIGNS     ,7,1.28,1
360480,11118610002000,MARKER POST FIBERCURVE 72"X4" W/ CITY OF GEORGETOWN LABEL,ELE01,3SIGNS     ,21,90.19,1
360481,25 14.4-120/240 2B,CONV 25 KVA 14400 120/240 2 BUSHING,GEP01,3TRANOH    ,63,1057.12,1
360482,37.5 14.4-120/240 2B,CONV 37.5 KVA 14400 120/240 2 BUSHING,GEP01,3TRANOH    ,63,1401.38,1
360483,50 14.4-120/240 2B,CONV 50 KVA 14400 120/240 2 BUSHING,GEP01,3TRANOH    ,63,1344.53,1
360484,75 14.4-120/240 2B,CONV 75 KVA 14400 120/240 2 BUSHING,GEP01,3TRANOH    ,63,2338.77,1
360485,100 14.4-120/240 2B,CONV 100 KVA 14400 120/240 2 BUSHING,GEP01,3TRANOH    ,63,2150.62,1
360486,31131506,RELAY LIGHTING CONTROL 60A 2P 120/240V FUSED W/ PC REC MR-UG 6338,MAY03,3LGHTPE    ,76,727.16,1
360487,25 14.4-277/480 2B,CONV 25 KVA 14400 277/480 2 BUSHING,GEP01,3TRANOH    ,63,982.65,1
360488,AR13PX,SWITCH AIRBREAK EXTENSION LINK FOR AR13P,CIT05,3SWITCH3PH ,1,165.65,1
360489,50 14.4-277/480 2B,CONV 50 KVA 14400 277/480 2 BUSHING,GEP01,3TRANOH    ,63,990.12,1
360490,TAG-WP-WIRE-CUT,LABEL TAG-WP-WIRE-CUT,CIT05,3SIGNS     ,1,1.15,1
360491,100 14.4-277/480 2B,CONV 100 KVA 14400 277/480 2 BUSHING,GEP01,3TRANOH    ,63,1987.36,1
360492,POLE TAG VERTICAL V500 NO 1,POLE TAG VERTICAL V500 NO "1",CIT05,3SIGNS     ,1,.02,1
360493,AFIT-A1U-N30R40RWH,POWER SUPPLY LED RINGDALE 100/277,RIN02,3LGHTLED   ,200,519.26,1
360494,COV0500ANN,CURRENT TRANSFORMER SECONDARY HIGH ACCURACY 500:5 ALTA SERIES COV-6 600V METERING CT,TEX143,3CTVTPT    ,98,141.79,1
360495,PS1.2-A,LABEL LETTER-FOR 2" RY  'A"  BLACK ON YELLOW SHEET,ALM02,3SIGNS     ,7,6.98,1
360496,PS1.2-B,LABEL LETTER-FOR 2" RY  'B"  BLACK ON YELLOW SHEET,ALM02,3SIGNS     ,7,6.98,1
360497,PS1.2-C,LABEL LETTER-FOR 2" RY  'B"  BLACK ON YELLOW SHEET,ALM02,3SIGNS     ,7,6.98,1
360498,SSA1244C,FIXTURE HPS TWO HEAD GREEN 100W 12',CIT05,3LGHTHID   ,7,.00,1
360499,AR124FFLPT,SWITCH AIRBREAK VERTICLE MOUNT HORIZ SWING AUTO READY,CIT05,3SWITCH3PH ,7,.00,1
360500,U200SO8U-ZN11407,ARM STREETLIGHT UPSWEPT GALV,CIT05,3LGHTARM   ,1,.00,1
360502,PCA304836-90248,ENCLOSURE 30 W X 48 L X 36 D W/POLYMER CONCRETE LID STAMPED FIBER ON LID 4 HOLE,NEW15,3FIBERENCL ,28,1003.35,1
360504,S-99,SILICONE SPRAY 16OZ "SALCON",SAL04,3LUBRICANT ,105,17.93,1
360505,GLS-5002,SPLICE GUY 3/8 HS COM SM 0.360-0.405,ARK05,3CONNAUTO  ,60,15.70,1
360506,5102,DEADEND AUTO 3/8 & 14M GUY WIRE,MAC10,3CONNAUTO  ,231,18.69,1
360507,PC1212BA12,BOX POLY/CONCRETE 12X12X12 SPLICE BOX WITH ID QUAZITE,CIT05,3PEDESTAL  ,1,152.44,1
360508,SEL-07340N9F3D3626E8G6G3C0008,ADVANCED METERING SYSTEM 734#0102,SCH08,3RELAYCTRL ,200,.00,1
360509,SEL-915900015,MOUNTING KIT DIN RAIL FOR SEL SATELLITE-SYNCHRONIZED CLOCKS,SCH08,3RELAYCTRL ,14,143.02,1
360510,SEL-9250011,SLEEVE SECURITY,SCH08,3RELAYCTRL ,7,66.09,1
360511,SEL-C556-040,CABLE 40 FT,SCH08,3RELAYCTRL ,7,793.36,1
360512,SEL-915900311,SLEEVE SECURITY,SCH08,3RELAYCTRL ,7,118.06,1
360514,274LRF,ELBOW PROBE 25KV,THO05,3MLDRUBBER ,14,14.68,1
360517,U2594X,SOCKET METER 320A 7T OH/UG CP W/BYPASS **W/OUT LUGS**,MIL07,3SOCKETS   ,372,436.26,1
360519,H4306Q,SOCKET METER 320A 1PH 3" HUB,DUR03,3SOCKETS   ,365,.00,1
360520,8453,CABLE SEALING KIT 15KV 2/0-1000 25KV 1/0-750 35KV 1/0-500,3M002,3TERMINATO ,9,25.98,1
360521,MC1W-41200-U,SOCKET METER 200A 4T UG BLANK SWY,SAL10,3SOCKETS   ,99,107.14,1
360522,UTH4339UCH,SOCKET METER 320A 4T OH/UG,EAT02,3SOCKETS   ,14,380.01,1
360523,UT-H7339U,SOCKET METER 320A 7T OH/UG DUAL 350MCM LUGS,DUR03,3SOCKETS   ,372,462.04,1
360524,Y605673,TAG 3.25"X5.5" EQUIPMENT BLK/RED PHASE A URD A,ELE01,3SIGNS     ,30,2.40,1
360525,Y618609,TAG 3.25"X5.5" EQUIPMENT BLK/WHT PHASE B URD B,ELE01,3SIGNS     ,60,2.24,1
360526,Y618611,TAG 3.25"X5.5" EQUIPMENT BLK/WHT PHASE B URD B,ELE01,3SIGNS     ,30,2.30,1
360527,Y4163206,LABEL 4"X6" BLUE/SVR "NORMALLY OPEN",ELE01,3SIGNS     ,30,3.16,1
360528,BRONCO 500FT NRR,336.4 MCM QUAD W/ 336 ACSR NEUTRAL OH SERVICE DROP,CME02,3WIREOHSEC ,301,4.26,1
360529,8454,CABLE SEALING KIT 15KV 750-1500MCM 25KV 600-1250MCM 12IN,3M002,3TERMINATO ,40,32.88,1
360530,S4067-XL-200,SOCKET METER 200A 4T CP W/ 200A MAIN BREAKER,MIL07,3SOCKETS   ,372,286.63,1
360531,PC1730BA18,BOX POLY/CONCRETE 17X30X18 TAPERED WALL W/ LID,CIT05,3PEDESTAL  ,1,281.83,1
360535,UT-H7233U,SOCKET METER 200A 3PH HCP 7T,DUR03,3SOCKETS   ,365,260.19,1
360536,15 DV-277/480 2B,CONV 15 KVA 14400X7200 277/480 2 BUSHING,GEP01,3TRANOH    ,63,879.37,1
360537,BAD2PLK-62-ZN 11407,BOLT-A-BAND FOR STEEL POLES,BAR04,3BRACKET   ,7,.00,1
360538,BASOCL6-12FW,BRACKET CONDUIT STAND-OFF 6IN W/ 12IN FOUR WAY T SLOT,BAR04,3BRACKET   ,7,59.15,1
360539,BAD2PLK-86-ZN 11407,BOLT-A-BAND FOR STEEL POLES,BAR04,3BRACKET   ,7,.00,1
360540,BASOCL6-24FW,BRACKET CONDUIT STAND-OFF 6IN W/ 24IN FOUR WAY T SLOT,BAR04,3BRACKET   ,7,55.95,1
360541,T710-211T,FUSE TUBE 27KV 100A 125BIL 8KAIC,ARK05,3CUTOUTTUB ,18,60.28,1
360544,AR0110,ARMOR ROD #4 .244 - .259  40IN ORANGE,PRE12,3FMDWIRE   ,174,4.38,1
360545,AR0118,ARMOR ROD 1/0 .390 - .413  52IN YELLOW (9PC=1EA),PRE12,3FMDWIRE   ,175,8.23,1
360547,AR0128,ARMOR ROD 336 18/1 .656 - .679  66IN BROWN,PRE12,3FMDWIRE   ,20,20.36,1
360548,AR0130,ARMOR ROD 336 26/7 .704 - .740  72IN GREEN,PRE12,3FMDWIRE   ,144,18.11,1
360550,ATBXP50MVOLTR23KXLNLVRP7,FIXTURE AUTOBAHN COBRAHEAD LED MULTIVOLT NOCSA W/ PHOTOCONTROL RECEPTACLE,ACU01,3LGHTLED   ,4,196.06,1
360552,9114S,BRACKET XFMR SECONDARY LEAD W/ ANSI 53-2 INSULATOR & CLAMP,ARK05,3BRACKET   ,28,13.43,1
360553,F3CA-MV-A3618-C4-H,STANDOFF FG 3PH 36IN OAL 18IN MIDDLE 15 DEG 3 POS 4 HOLE 1.5IN ROD W/HDWR,ALU01,3FIBBRKTS  ,21,223.79,1
360554,STB096N12602,DEADEND FG 8FT 3-1/2 X 4-1/2,SHA10,3FIBARMDE  ,210,246.35,1
360555,DA3000096E3B7X2,DEADEND FG 8FT 3-5/8 X 4-5/8 13.7K/PH 3 WIRE PUPI 8FT DRILL GRAY,GEO08,3FIBARMDE  ,224,325.46,1
360557,R3CA-48,BRACKET 3PH EQUIPMENT MOUNT 6 POSITION 48IN,ALU01,3BRACKET   ,91,177.09,1
360567,GS21078CC1,INSULATOR GUY STRAIN 78IN 21K CLEVIS-CLEVIS W/ 1 ROLLER,CIT05,3FIBGUYSTN ,1,37.93,1
360568,10 DV-277/480 2B,CONV 10 KVA 14400X7200 277/480 2 BUSHING,GEP01,3TRANOH    ,63,942.42,1
360569,PCC810,MOULDING WOOD 8 FT FOR GROUND WIRE (COA),BRO02,3XARMWOOD  ,90,12.14,1
360570,25179Z,PIN POLE TOP OFFSET 1-3/8  NYLON THREAD HEAD,MAC10,3PINHDWE   ,224,20.52,1
360571,SSU-4-30,FOAM POLECRETE 30LB/ 7.2 CUBIC FT PU 103PSI 3 GALLON KIT 48/PALLET,GRA17,3FOAM      ,14,115.33,1
360572,1488911209,LUBRICANT AEROSOL 14OZ GENERAL GEL,MOM02,3LUBRICANT ,30,22.52,1
360575,9650/E1X04A/720/10M-ZN11407,SENSOR CURRENT 15KV 720:1,LIN04,3RELAYCTRL ,200,.00,1
360576,9660/E1X04A/1355/10M,SENSOR CURRENT 25KV,LIN04,3RELAYCTRL ,200,.00,1
360577,R-22981S,CABLE ASSY NEUTRAL SENSOR  W/SOCKET WITH 7-PIN AMPHENOL CONNECTOR,LIN04,3RELAYCTRL ,7,550.14,1
360579,BC-GTOWN-T6,TAG DECAL POLE XFMR ID NUMBER SERIALIZED,CIT05,3SIGNS     ,5,1.49,1
360580,POLE NUMBER LOCATION 1" X 36",POLE NUMBER LOCATION 1" X 36",CIT05,3SIGNS     ,1,67.90,1
360581,PS1.2-1,LABEL LETTER-"1"  FOR 2" RY  BLACK ON YELLOW SHEET,ALM02,3SIGNS     ,7,7.10,1
360582,TAG DECAL PHASE ID C 1.5",TAG DECAL PHASE ID LETTER "C"1.5",CIT05,3SIGNS     ,1,9.74,1
360586,FGS16-18CR,INSULATOR GUY STRAIN 18IN 16K CLEVIS-CLEVIS/ROLLER,ALU01,3FIBGUYSTN ,175,17.99,1
360602,ATBMEMVLTR23KXLP5AONLRFD214953,FIXTURE LED COBRAHEAD AUTOBAHN MULTIVOLT,ACU01,3LGHTLED   ,7,413.95,1
360604,10 DV-120/240 2B,CONV 10 KVA 14400X7200 120/240 2 BUSHING,GEP01,3TRANOH    ,63,921.12,1
360605,1/2 14.4-120/240 1B,CONV 1/2KVA 14400 120/240 1 BUSHING,209,3TRANOH    ,7,779.01,1
360607,WR289,H-TAP 1/0-2/0 RUN #6-#2 TAP,THO05,3CONNCOMP  ,14,1.02,1
360609,SPL1358P,TIE SPOOL 4/0 .521 - .588 32IN RED,PRE12,3FMDWIRE   ,78,4.58,1
360611,DS-35M,INSULATOR DEADEND SUSPENSION POLYMER 35KV,MAC10,3INSULDE   ,14,22.33,1
360615,360615-ZN11407,STREETLIGHT ARM FOR WOOD POLE 1.25"X10,CIT05,3LGHTARM   ,1,.00,1
360616,360616,STREETLIGHT ARM FOR WOOD POLE 1.25"X16',CIT05,3LGHTARM   ,7,.00,1
360620,RMA10SR2XXZ,FIXTURE SECURITY LIGHT 100W HPS HEAD ONLY,COO17,3LGHTHID   ,77,45.07,1
360621,15 14.4-277/480 2B,CONV 15 KVA 14400 277/480 2 BUSHING,GEP01,3TRANOH    ,63,779.01,1
360623,360623-ZN11407,POLE STREETLIGHT 40FT W/ DOUBLE ARM 8FT GALV,CIT05,3LGHTARM   ,1,.00,1
360624,360624-H-ZN11407,COUPLING TOP BOLT W/ 304 STAINLESS BOLTS 2" NOMINAL,CIT05,3POLESTL   ,7,.00,1
360625,HANDHOLE COVER AL OVAL-ZN11407,POLE STREET LIGHT COVER FOR 25' POLE SINGLE ARM ALUMINUM OVAL  CITY OF GEORGETOWN,CIT05,3LGHTPART  ,1,.00,1
360629,1SBM18CLRH,STANDOFF FG CUTOUT/ARRESTER 18IN 15 DEG 3 POS 4 HOLE  1.5IN ROD,TEC05,3FIBBRKTS  ,29,52.28,1
360631,167 DV-240/120 PAD T1,PAD 167 KVA 14400X7200 240/120 1PH MAXI,GEP01,3TRANURD1P ,63,4385.49,1
360632,ELBOW STL 2X90X36R,ELBOW RIGID 2IN 90 DEGREE 36IN RADIUS,ECN01,3CONDUFITT ,14,84.11,1
360633,WESLEYAN 1000FT NRR,350 MCM AL TRIPLEX 350-350-4/0 URD 1000FT 50X32X24 NRR,CME02,3WIREUDSEC ,372,4.16,1
360634,RIDER 1000FT NRR,500 MCM AL TRIPLEX 500-500-350 URD 1000FT 66X32 NRR,CME02,3WIREUDSEC ,372,4.98,1
360635,ELBOW PVC 6X90X36R BE,ELBOW PVC 6IN 90 DEGREE 36IN RADIUS BELLED END (875754),ATK01,3CONDUFITT ,112,87.43,1
360637,EBR-CA015B01830S,FIXTURE BARN 42W LED 120-277 3000K,EXC02,3LGHTLED   ,91,172.84,1
360639,ELBOW PVC 2X90X24R,ELBOW PVC 2IN 90 DEGREE 24IN RADIUS BELLED END (862295),ATK01,3CONDUFITT ,112,10.96,1
360640,ELBOW PVC 6X45X48,ELBOW PVC 6IN 45 DEGREE 48IN RADIUS BELLED END (5233774),ATK01,3CONDUFITT ,112,46.05,1
360641,31520SCAMT1R2FGBZ,FIXTURE ROADWAY COBRAHEAD 200W MULTI-TAP BRONZE,ACU01,3LGHTHID   ,70,145.06,1
360642,C11242NG4VP,FOUNDATION AUGER STYLE FOR STREETLIGHT 11"-17" BOLT CIRCLE,CIT05,3LGHTARM   ,7,.00,1
360643,COV1000ANN,CURRENT TRANSFORMER 600V 1000:5 ALTA SERIES COV-6  SECONDARY HIGH ACCURACY METERING CT,TEX143,3CTVTPT    ,18,118.52,1
360645,CR-6,RACK CAPACITOR  6 UNIT INLINE,ALU01,3BRACKET   ,30,226.33,1
360646,COM0500ABN,CURRENT TRANSFORMER SECONDARY HIGH ACCURACY 500:5 ALTA SERIES COM-6 600V METERING CT,TEX143,3CTVTPT    ,98,171.60,1
360647,COS0600ABB,CURRENT TRANSFORMER SECONDARY 0.15 ACCURACY 600:5 COS-6 LOW BASEPLATE W/ BAR,TEX143,3CTVTPT    ,14,.00,1
360650,R-22748/45-35,CABLE ASSY 3PH 4 TO 1  W/14-PIN CONN W/3 EA 45FT & 1 EA 35FT CABLE,LIN04,3RELAYCTRL ,7,1095.88,1
360652,SS201S625,BAND 5/8 W X .30" THICK  X 100FT SS ROLL IN BOX USE W/ SS201B625,UND02,3FASTENERS ,7,119.75,1
360653,SS201B625,BUCKLE 5/84 FOR SUPER STRAP BANDING USE W/ SS201S625,UND02,3FASTENERS ,7,.43,1
360658,MB-4,BRACKET TERMINATOR FOR 1.10-1.50 CABLE OD,3M002,3TERMINATO ,28,21.27,1
360675,167 14.4-240/120 PAD,PAD 167 KVA 14400 240/120 1PH,GEP01,3TRANURD1P ,63,6753.41,1
360677,300 14.4-208/120 3PH PAD PEC,PAD 300 KVA 14400 208/120 3PH,ERM02,3TRANURD3P ,232,12700.00,1
360686,500 14.4-480/277 3PH PAD PEC,PAD 500KVA 14400 480/277 3PH PEC SPEC,GEP01,3TRANURD3P ,112,17420.63,1
360687,ES6W8W,INSULINK #8-10 AL/CU INS SLEEVE GREEN,ARK05,3CONNCOMP  ,60,.22,1
360688,ES4W8W,INSULINK #6 ACSR-10  AL/CU INS SLEEVE GREEN,ARK05,3CONNCOMP  ,60,.22,1
360689,U1N68,SPLICE #6-#8 INSULATED,THO05,3CONNCOMP  ,20,.85,1
360690,U1N66,SPLICE #6-#6 INSULATED,THO05,3CONNCOMP  ,41,.75,1
360691,U1N48,SPLICE #4-#8 STR INSULATED,THO05,3CONNCOMP  ,30,.75,1
360692,ES2W6W,INSULINK #4  ACSR-84  AL/CU INS SLEEVE GREEN,ARK05,3CONNCOMP  ,60,.22,1
360693,U1N46,SPLICE #4-#6 INSULATED,THO05,3CONNCOMP  ,35,.65,1
360694,ICS68-1,SPLICE #4-#4 INSULATED,THO05,3CONNCOMP  ,18,.46,1
360695,U1N28,SPLICE #2-#8 INSULATED,THO05,3CONNCOMP  ,91,.85,1
360696,U1N22,SPLICE #2-#2 INSULATED,THO05,3CONNCOMP  ,14,.82,1
360697,ICS72-1,SLEEVE #2-#4 INSULATED AL/CU,THO05,3CONNCOMP  ,70,1.36,1
360698,U1N26,SPLICE #2-#6 INSULATED,THO05,3CONNCOMP  ,80,.60,1
360699,U1N102,SPLICE 1/0-#2 INSULATED,THO05,3CONNCOMP  ,14,.86,1
360701,RAB6C,CONNECTOR SUBMERSIBLE 12-350MCM 6 PORT W/ INHIBITOR,THO05,3CONNURDSE ,111,22.16,1
360702,VAUL100012BN,LUG COMPRESSION 1000MCM AL/CU 2H,ARK05,3CONNCOMP  ,280,9.36,1
360703,BRD6-500SLTSXB,CONNECTOR SUBMERSIBLE 12-500MCM 6 PORT W/ SL PORT AND INHIBITOR,CMC01,3CONNURDSE ,31,41.43,1
360704,GPRT-500-4P-C,CONNECTOR SUBMERSIBLE 12-500MCM 4 PORT  WATER TIGHT EPDM CLR BACK,TYC02,3CONNURDSE ,7,62.00,1
360705,PED6-500SSP (GT),CONNECTOR SUBMERSIBLE 10-500MCM 6 PORT W/ INHIBITOR,UTI11,3CONNURDSE ,23,28.16,1
360706,U2025W-2H,TAGS CABLE IDENTIFICATION WHITE,UTI05,3SIGNS     ,7,.75,1
360707,U2025R-2H,TAGS CABLE IDENTIFICATION RED,UTI05,3SIGNS     ,20,.58,1
360708,U2025B-2H,TAGS CABLE IDENTIFICATION BLUE,UTI05,3SIGNS     ,21,.72,1
360709,7655-S-4-500-GUS,TERMINATOR COLD SHRINK 500-1000MCM 15KV 250-800MCM 25KV W/ MTG BRACKET & RISER BOOT,3M002,3TERMINATO ,7,245.49,1
360710,02201017,GRIP CABLE SUPPORT DIA RANGE 1.00-1.240,CIT05,3GRIPS     ,1,42.64,1
360711,02201021,GRIP CABLE SUPPORT DIA RANGE 2.00-2.49,CIT05,3GRIPS     ,1,95.21,1
360712,02201024,GRIP CABLE SUPPORT DIA RANGE 3.50-3.99 4900LB RATED SINGLE EYE,CIT05,3GRIPS     ,1,169.65,1
360713,BKPLPE6,BACK PLATE FOR U GUARD STANDARD 6IN X 10FT,ELE15,3UGUARD    ,16,13.43,1
360714,S9650-O,PEDESTAL METER LESS SOCKETS,MIL07,3SOCKETS   ,200,214.37,1
360715,API-12X16WBS-CD,PEDESTAL LDPE WIDE BASE GREEN W/ 3 CONN 350MCM W/ ACCESS DOOR,ADV07,3PEDESTAL  ,147,278.43,1
360716,API-16X28-WBST-CD,PEDESTAL LDPE WIDE BASE 16X28 GRN 3PH W/ 4 CONN 6-POS #6-500MCM,ADV07,3PEDESTAL  ,42,587.93,1
360717,BKPLPE2,BACK PLATE FOR U GUARD STANDARD 2IN X 10FT,ELE15,3UGUARD    ,19,6.13,1
360719,BKPLPE4,BACK PLATE FOR U GUARD STANDARD 4IN X 10FT,ELE15,3UGUARD    ,30,10.41,1
360720,BKPLPE5,BACK PLATE FOR U GUARD STANDARD 5IN X 10FT,ELE15,3UGUARD    ,60,11.22,1
360721,PE-2UG10,U GUARD RISER POLE STANDARD POLYETHYLENE 2IN X 10FT,ELE15,3UGUARD    ,15,14.51,1
360722,PE-6UG10,U GUARD RISER POLE STANDARD POLYETHYLENE 6IN X 10FT,ELE15,3UGUARD    ,16,81.79,1
360723,PE-4UG10,U GUARD RISER POLE STANDARD POLYETHYLENE 4IN X 10FT,ELE15,3UGUARD    ,21,26.83,1
360724,PE-5UG10,U GUARD RISER POLE STANDARD POLYETHYLENE 5IN X 10FT,ELE15,3UGUARD    ,20,43.21,1
360725,PEAD2-3V,BOOT RISER VENT 2IN TO 3IN,ELE15,3UGUARD    ,60,21.85,1
360726,PEAD4-6V,BOOT RISER VENT 4IN TO 6IN,ELE15,3UGUARD    ,60,60.62,1
360727,END BELL PVC 2,END BELL FOR 2IN PVC (59678),ATK01,3CONDUFITT ,112,3.32,1
360728,U-GUARD 36" X 16" VENT BOOT,BOOT RISER VENT 6 U-GUARD 36" X 16",CIT05,3UGUARD    ,1,265.43,1
360729,END BELL PVC 4,END BELL FOR 4IN PVC (59682),ATK01,3CONDUFITT ,112,5.33,1
360730,END BELL PVC 5,END BELL FOR 5IN PVC (59683),ATK01,3CONDUFITT ,112,8.73,1
360731,PKKSTAK001,STAKE PEDESTAL 40" X 1-1/2",ADV07,3PEDESTAL  ,7,16.10,1
360733,PVI21-386-043,SWITCHGEAR PADMOUNT 27KV 2S- NO LOAD,GWE02,3SWITCHURD ,112,.00,1
360735,ICS76-1,SLEEVE 1/0-#4 INSULATED AL/CU,THO05,3CONNCOMP  ,70,.99,1
360737,BARE CU 4 SOL SD 25LB SPL,4 AWG BARE SD CU SOLID 25LB SPOOL (200' PROX),SER02,3WIREBAREC ,14,6.82,1
360739,CTS4,SPLICE COMPRESSION #4 SOL CU FULL TENSION,THO05,3CONNCOMP  ,7,6.16,1
360741,TD225-104,ANCHOR SINGLE HELIX 10" TOUGH ONE/TURBO/EXTREME 3/4 OR 1IN ROD 2-1/4 SD 10000FT/LB,MAC10,3ANCHOR    ,140,63.60,1
360742,TAF-150-36 08-10,ANCHOR DOUBLE HELIX 8" & 10"  1-1/2IN  X 3FT SQ SHAFT,EAR04,3ANCHOR    ,98,112.73,1
360743,8710,BOLT MACHINE GALV 1/2 X 10,POW06,3BOLTWSHR  ,87,1.38,1
360744,8712,BOLT MACHINE GALV 1/2 X 12,POW06,3BOLTWSHR  ,14,1.63,1
360749,1SBH20V4,STANDOFF FG 1PH 20IN 15 DEG VERT PIN 1-3/8IN THREAD 2IN ROD,TEC05,3FIBBRKTS  ,14,61.41,1
360750,455 HUBBELL,CLEVIS DEADEND W/ 5/8 PIN FOR GUYS 11/16X13/16" MOUNT BOLT HOLE,CIT05,3CLEVIS    ,1,6.31,1
360752,DA400096E2B7X2,DEADEND FG 8FT 4 X 6 17K/PH 2 WIRE PUPI 8FT DRILL GRAY,GEO08,3FIBARMDE  ,224,304.32,1
360753,DA3020120E4B9X2,DEADEND FG 10FT DBL ARM 3-5/8 X 4-5/8 20K/PH 4 WIRE PUPI 10FT DRILL GRAY,GEO08,3FIBARMDE  ,224,870.90,1
360756,SSU-4-10,FOAM POLECRETE 1 GALLON KIT 125/PALLET,GRA17,3FOAM      ,14,46.11,1
360757,0501,SIDEWALK GUY POLE END PLATE FOR 2IN PIPE,CIT05,3BRACKET   ,1,17.99,1
360758,0502,GUY FITTING SIDESIDEWALK GUY END FITTING W/ 1 CLAMP FOR 2IN PIPEWALK POLE PLATE GALV.,WES08,3BRACKET   ,60,21.23,1
360759,GEP6,PLATE POLE EYE 3/4IN TOP MTG BOLT 2 EA 3/4IN BOTTOM MTG HOLES,ARK05,3BRACKET   ,14,10.02,1
360760,TB300012005X2,TANGENT FG 10FT 3-5/8 X 4-5/8 CNTR MNT W/ INSERTS RUS 05 GRAY,GEO08,3FIBARMTAN ,224,244.65,1
360761,CF694-12R,INSULATOR GUY STRAIN 12IN 21K CLEVIS-CLEVIS/ROLLER,HUG08,3FIBGUYSTN ,7,26.81,1
360762,TAP02CUSTR-03,2 AWG CU 19 STR SD HENDRIX TAP WIRE 750FT NRR TPR COVER,HEN03,3WIRERISER ,7,7.90,1
360770,17548,LABEL REFLECTIVE 10"X10" WARNING BILINGUAL CITY OF GEORGETOWN,ALM02,3SIGNS     ,60,9.14,1
360778,CREO551W,POLE WOOD 55FT CL 1 CREOSOTE,209,2MFGCREPOL ,7,931.79,1
360779,CREO601W,POLE WOOD 60FT CL 1 CREOSOTE,500,2MFGCREPOL ,21,1089.24,1
360780,CREO651W,POLE WOOD 65FT CL 1 CREOSOTE,209,2MFGCREPOL ,7,1237.14,1
360783,CAP BANK SW 25KV 600KVAR,CAPACITOR BANK SWITCHED 25KV 600KVAR,GEG02,3CAPBANK   ,106,6909.88,1
360785,M3C259B,SWITCH DISC 25KV 900A,CIT05,3SWITCH1PH ,1,257.74,1
360788,WCY61,CONNECTOR WEJTAP 556.5-336.4 TO 556.5-266.8,FCI02,3CONNSHOOT ,91,17.21,1
360789,WCY75PB,CONNECTOR WEJTAP 336-795 TO 477-556 W/ SHELL,FCI02,3CONNSHOOT ,30,43.21,1
360790,2GUA072200D220,CAPACITOR 200KVAR 7200V 2 BUSH 95KV BIL,ABB07,3CAPACITOR ,47,633.23,1
360796,58L106WC70,CAPACITOR 200KVAR 7200V 2 BUSH 95KV BIL,GEG02,3CAPACITOR ,178,514.37,1
360799,RK-11-R5-BA,GLOBE OPTICAL ASSEMBLY SERIES 11,ACU01,3LGHTPART  ,8,16.64,1
360802,4JNP9,PHOTOCELL TORK 3000 FLUSH MOUNT 2000W MAX 120VAC,GRA02,3LGHTPE    ,14,12.96,1
360803,75 DV-240 DELTA 3PH-ZN11407,75 14400X7200 240 DELTA 3PH PAD,CIT05,3TRANURD3P ,8,.00,1
360804,IPCS2001,CONNECTOR METER INSULATOR PIERCING INSTALLATION A-2/0-#4 B#10-14,GES02,3CONNMECH  ,200,.00,1
360805,1000 14.4-480/277 3PH PAD,PAD 1000 KVA 14400 480/277 3PH,GEP01,3TRANURD3P ,63,23563.99,1
360806,150 DV-240 DELTA 3PH-ZN11407,150 14400X7200 240 DELTA 3PH PAD,CIT05,3TRANURD3P ,8,.00,1
360807,225 DV-240 DELTA 3PH-ZN11407,225 14400X7200 240 DELTA 3PH PAD,CIT05,3TRANURD3P ,8,.00,1
360810,WP-125-2-A,ARM STREET LIGHT AL 1-1/4IN X 2FT FOR WOOD POLE MOUNTING,SAL09,3LGHTARM   ,112,29.42,1
360811,84S-ADB1,LIGHT STREET WATERPROOF CONNECTOR KIT (BUCHANAN BRAND),CIT05,3LGHTPART  ,7,.00,1
360812,1500 14.4-480/277 3PH PAD PEC,PAD 1500 KVA 14400 480/277 3PH W/ TAPS PEC SPEC,ERM02,3TRANURD3P ,190,44769.14,1
360813,2500 14.4-480/277 3PH PAD PEC,PAD 2500 KVA 14400 480/277 3PH TAPS +/- 2.5% PEC SPEC,ERM02,3TRANURD3P ,199,69035.80,1
360831,ES25R4W,SLEEVE 1/0 - #6 INSULATED AL/CU,FCI02,3CONNCOMP  ,34,.33,1
360833,ICS78-1,SPLICE 1/0-1/0 INSULATED,THO05,3CONNCOMP  ,24,.49,1
360841,50 DV-240/120 PAD T1,PAD 50 KVA 14400X7200 240/120 1PH TYPE I,GEP01,3TRANURD1P ,63,2891.36,1
360842,75 14.4-240/120 PAD T1,PAD 75 KVA 14400 240/120 1PH TYPE 1,GEP01,3TRANURD1P ,63,2209.88,1
360843,TR65,SPLICE NEUTRAL 1/0 SEMI-TENSION,THO05,3CONNCOMP  ,7,1.86,1
360844,100 DV-240/120 PAD T1,PAD 100 KVA 14400X7200 240/120 1PH TYPE 1/MAXI,GEP01,3TRANURD1P ,63,4114.81,1
360845,TR61,SPLICE NEUTRAL #6 SEMI-TENSION,THO05,3CONNCOMP  ,14,1.62,1
360852,SNG44,SPLICE NEUTRAL #4 SEMI-TENSION,THO05,3CONNCOMP  ,14,1.19,1
360871,FP283A-1-180-N-N-N,PHOTOCELL POWEREYE ADAPTER CABLE 15FT,SUN08,3LGHTPE    ,7,133.37,1
360872,1012626,PEDESTAL METER 2 POSITION 200A,DUR03,3SOCKETS   ,372,1467.90,1
360874,1012625,METER PEDESTAL 320A 1 POSITION,DUR03,3PEDESTAL  ,7,.00,1
360876,U5136-0-200S,PEDESTAL METER SINGLE 200A 4T W/200A UQFPH-M-200 MB & 4 CIR LC,MIL07,3SOCKETS   ,372,549.07,1
360880,602015B0-X1001,ARRESTER 18KV DIST OFF THE POLE,TEC05,3ARRESTDIS ,77,95.12,1
360882,E-MZA00W100,LIGHT STREET BALLAST KIT 100W METAL HALIDE 120/208/240/277V,CIT05,3LGHTPART  ,1,47.53,1
360883,167ESA10,ARRESTER ELBOW 10KV (15KV INTERFACE),THO05,3ARRESTURD ,119,78.83,1
360884,SNG66,SPLICE NEUTRAL #6 SEMI-TENSION,THO05,3CONNCOMP  ,14,1.03,1
360885,AHD-18D-2GD-1X1-1D-B,ARRESTER 18KV HD POLYMER TANK MOUNT W/ CAP/ MTG HDWR & GRD STRAP,ALU01,3ARRESTDIS ,42,81.21,1
360886,SNG00,SPLICE NEUTRAL 1/0 SEMI-TENSION,THO05,3CONNCOMP  ,14,1.07,1
360887,RK-11-2L-36-OB-J5,LIGHT VOLTAGE STARTER CONVERTER 55V TO 100V,ACU01,3LGHTPART  ,7,28.60,1
360888,IGN-2L-14-OP-200/400-J5,HPS STARTER REPLACEMENT 3 LEADS,ACU01,3LGHTPART  ,7,25.59,1
360894,CC22,C-TAP #2 STR - #2 STR CU RUN & TAP,THO05,3CONNCOMP  ,14,1.32,1
360895,CC24,C-TAP #2 SOL - 2 STR RUN 8 SOL - #4 STR CU TAP,THO05,3CONNCOMP  ,14,1.25,1
360896,YC28C2,C-TAP 3/0SOL - 4/0STR RUN 1/0SOL - 2/0STR TAP,FCI02,3CONNCOMP  ,18,5.82,1
360898,L600N,LUG COMPRESSION 600 2H CU TP,THO05,3CONNCOMP  ,7,19.14,1
360899,TSC4-6,ADAPTER TRANS SPADE 6H 3/8IN PLATE,THO05,3CONNURDSE ,45,45.09,1
360900,AL9CU,LUG SET SCREW #4-600 1H,ILS02,3CONNCOMP  ,28,21.74,1
360901,AL4/0NTN,LUG COMPRESSION 4/0 2H AL/ CU TIN PLATED,THO05,3CONNCOMP  ,42,6.42,1
360902,10014,CONNECTOR BARREL 500MCM UP TO 35KV,3M002,3CONNCOMP  ,28,6.38,1
360903,AL800NTN,LUG COMPRESSION 800MCM 2H AL/CU TIN PLATED,THO05,3CONNCOMP  ,53,13.36,1
360904,AXS584NTP,CONNECTOR TRANSFORMER SPADE 4 HOLE TIN PLATED,CIT05,3CONNURDSE ,1,15.88,1
360905,HDL500NTN,LUG COMPRESSION 500 2H CU HEAVY DUTY TIN PLATED,THO05,3CONNCOMP  ,147,33.07,1
360906,AL18,LUG COMPRESSION 266-336ACSR 2 HOLE AL/CU EXTENDED BARREL,THO05,3CONNCOMP  ,7,10.32,1
360908,VAUL60012BN,LUG COMPRESSION 477--556.5 ACSR 2H AL/CU,209,3CONNCOMP  ,7,12.86,1
360909,RLSS350-6SLI,CONNECTOR TRANSFORMER SEC 6 PORT #10-350 5/8 STUD ST LIGHT INHIBITOR W/ CLEAR BOOT,CMC01,3CONNURDSE ,154,15.31,1
360914,DP1A2,ADAPTER TRANSFORMER LEAD 5/8 BOLT TO 1-3/8IN LEAD THREAD 5IN LENGTH,ELE05,3PINHDWE   ,14,21.17,1
360921,SC4726-XL-121-TSTM,SOCKET METER 20A CT RATED PRE-WIRED RL CITY OF GEORGETOWN,MIL07,3SOCKETS   ,372,561.51,1
360922,WH-GRTWN-7,WIRE HARNESS CITY OF GEORGETOWN 360922/A6003012,RIT03,3RELAYCTRL ,7,727.63,1
360925,AL750NTN,LUG COMPRESSION 750MCM 2H AL/CU TIN PLATED,THO05,3CONNCOMP  ,56,12.46,1
360926,TTD0810XF,CONNECTOR INSULATION PIERCING 3/0 - 750 RUN #14 - #10 TAP,SIC02,3CONNCOMP  ,105,11.76,1
360931,683-3660-T177 6T-ZN11407,TRANSOCKET 600A 6T 1PH,CIT05,3SOCKETS   ,1,.00,1
360932,683-3660-T177,TRANSOCKET 600A 1PH,BRO20,3SOCKETS   ,60,.00,1
360933,PG3672BA36A,PULL BOX 36INX72INX36IN NO BOTTOM,MAY03,3HANDHOLE  ,7,.00,1
360934,LG3638CA004L,LID PULL BOX 36X72,MAY03,3HANDHOLE  ,7,.00,1
360936,S2811-4X-ZN11407,TRANSOCKET 1600AMP 14T 600V RL TS,CIT05,3SOCKETS   ,2,.00,1
360937,1001585,VAULT 4FT X 8FT X 48IN X 5 BOTTOM W 12 X 12 FRAME GATE DOOR AND TAG PAINTED,OLD03,3XFRMRPAD  ,30,7277.78,1
360939,7200366,SWING LOCK BOLT KIT 4FT X 8FT,OLD03,3TOOL      ,10,93.33,1
360940,750X336102-524,CURRENT TRANSFORMER 600V 2000:5 JAB-0S REVENUE-SENSE HI TEMP .15S AE SPECS,GEG02,3CTVTPT    ,310,96.11,1
360945,683-3660-T195,SOCKET METER TRANS SOCKET 800A 13T CITY OF GEORGETOWN SPEC,TEX143,3SOCKETS   ,224,2497.14,1
360948,LU250 MOGUL,BULB 250W HPS MOG BASE S50 ET18 CLEAR,HOW02,3LGHTLAMP  ,14,7.60,1
360950,4000358C03B,FUSE BAYONET LOAD SENSING 3A,COO02,3FUSE      ,56,17.06,1
360951,12525SCAMT1R3FGAR10932,FIXTURE ROADWAY HPS COBRAHEAD 250W MULTIVOLT,ACU01,3LGHTHID   ,70,350.16,1
360952,4000358C08B,FUSE BAYONET LOAD SENSING 15A,COO02,3FUSE      ,14,12.63,1
360953,9F54LFC100,FUSE BAYONET LOAD SENSING 25A (300011-23),ECI02,3FUSE      ,21,11.98,1
360954,9F54LFC120,FUSE BAYONET LOAD SENSING 50A (300011-24),ECI02,3FUSE      ,22,12.36,1
360955,9F54MFC140,FUSE BAYONET FAULT/CURRENT SENSING 65A C14 (300010-24),ECI02,3FUSE      ,22,15.32,1
360956,4000358C05B,FUSE BAYONET LOAD SENSING 8A,COO02,3FUSE      ,63,15.29,1
360957,SLK-2,DISCONNECT FLOODSEAL FUSED FITS #4-#2 600V 30AMP,THO05,3CONNURDSE ,6,15.96,1
360958,UB214,H-TAP #2-#6 STR RUN #8-#14 TAP (STREETLIGHT),THO05,3CONNCOMP  ,27,.42,1
360960,KLKR10A,FUSE 10A 600V MIDGET FAST ACTING LITTLEFUSE,CIT05,3FUSE      ,7,10.11,1
360961,KLKR15A,FUSE 15A 600V MIDGET FAST ACTING LITTLEFUSE,MON14,3FUSE      ,6,26.25,1
360962,KLKR30A,FUSE 30A 600V MIDGET FAST ACTING LITTLEFUSE,CIT05,3FUSE      ,1,10.74,1
360998,5456A-4/0-AL,3M COLD SHRINK IN LINE SPLICE KIT 25/28KV 4/0  AWG - 250KCMIL QSIII,3M002,3TERMINATO ,60,339.51,1
360999,CI-4/0,SPLICE COMPRESSION 4/0 STR FOR MOLDED RUBBER SPLICES,3M002,3CONNCOMP  ,60,6.22,1
361000,CI-1/0,SPLICE COMPRESSION 1/0 STR FOR MOLDED RUBBER SPLICES,3M002,3CONNCOMP  ,60,4.42,1
361001,5421,SPLICE 1/0 25KV INLINE KIT,3M002,3TERMINATO ,56,175.58,1
361002,5452-CI-4/0,SPLICE 25KV 4/0 W/ CONNECTOR,3M002,3TERMINATO ,70,151.42,1
361003,YDS33R-ZN11407,SPLICE COMPRESSION 336.4 ACSR TWO PIECE FULL TENSION,FCI02,3CONNCOMP  ,60,.00,1
361004,35-PURPLE-3/4X66FT,TAPE CODING/PHASING PURPLE 3/4 X 66FT,3M002,3TAPE      ,14,4.94,1
361005,35-BROWN-3/4X66FT,TAPE CODING/PHASING BROWN 3/4 X 66FT,3M002,3TAPE      ,14,4.83,1
361006,35-GREY-3/4X66FT,TAPE CODING/PHASING GREY 3/4 X 66FT,ARK05,3TAPE      ,14,4.85,1
361007,35-ORANGE-3/4X66FT,TAPE CODING/PHASING ORANGE 3/4 X 66FT,3M002,3TAPE      ,13,5.16,1
361008,88 SUPER 1-1/2X 44FT,TAPE ELECTRICAL 1-1/2IN X 44FT 8.5MIL,3M002,3TAPE      ,13,8.07,1
361009,35-YELLOW-3/4X66FT,TAPE CODING/PHASING YELLOW 3/4 X 66FT,3M002,3TAPE      ,14,5.20,1
361010,TAPE PULL 2500LB,TAPE PULL 2500LB (EA 1 = 3000FT REEL) W/PRINTED SEQUENTIAL FOOTAGE,NEP02,3TOOL      ,32,142.89,1
361011,35-RED-3/4X66FT,TAPE CODING/PHASING RED 3/4 X 66FT,3M002,3TAPE      ,14,5.11,1
361012,35-WHITE-3/4X66FT,TAPE CODING/PHASING WHITE 3/4 X 66FT,3M002,3TAPE      ,10,4.92,1
361013,35-BLUE-3/4X66FT,TAPE CODING/PHASING BLUE 3/4 X 66FT,3M002,3TAPE      ,24,4.97,1
361015,TFS-055 ES,SACK TRANSFORMER 25" X 56" ORANGE POLE MOUNT EXTREME SAC,AND06,3SAFETY    ,14,79.32,1
361016,TCB-3640-OB,BAG SPILL CONTAINMENT TRANSFORMER 75-167 KVA,AND06,3SAFETY    ,7,115.17,1
361017,SHOCKDAN/PELIGROSO,LABEL DANGER KEEP OUT! BILINGUAL 11X5IN,209,3SIGNS     ,7,2.03,1
361018,TFS-085-HD,SACK TRANSFORMER 46X36X30 FOR PDMT,AND06,3SAFETY    ,14,188.85,1
361019,5H898,PAINT AEROSOL SAFETY YELLOW ENAMEL 15OZ,GRA02,3AEROSOL   ,21,11.41,1
361020,8822,BOLT MACHINE GALV 5/8 X 22,ALU01,3BOLTWSHR  ,105,4.81,1
361021,PAK792C,COLLAPSIBLE CONTAINER 6' X 8' 359 GAL SUMP CAPACITY,NEW17,3SAFETY    ,7,1450.62,1
361022,8826,BOLT MACHINE GALV 5/8 X 26,CIT05,3BOLTWSHR  ,1,5.27,1
361023,8877,BOLT DOUBLE ARMING GALV 5/8 X 28,POW06,3BOLTWSHR  ,16,4.21,1
361024,37-BLACK-1-1/2X66,TAPE ELECTRICAL 1-1/2IN X 66FT,3M002,3TAPE      ,14,6.60,1
361025,8730019,RING METER CLICK W/BUILT IN SS BARREL LOCK W/WEATHER SEAL,EJB02,3SOCKETS   ,66,18.02,1
361026,8509900,BARREL LOCK F LEDLOY,EJB02,3SEALS     ,42,4.01,1
361030,8878,BOLT DOUBLE ARMING GALV 5/8 X 30,POW06,3BOLTWSHR  ,172,5.86,1
361032,8880,BOLT DOUBLE ARMING GALV 5/8 X 34,ALU01,3BOLTWSHR  ,21,21.20,1
361033,8714,BOLT MACHINE GALV 1/2 X 14,POW06,3BOLTWSHR  ,48,1.74,1
361034,AF8716,BOLT MACHINE GALV 1/2 X 16,ALU01,3BOLTWSHR  ,168,2.95,1
361079,5058103,AIR FLOW SPOILER .564-.76 336MCM LENGTH 14.5 FT YELLOW,PRE12,3FIBERMISC ,18,35.54,1
361122,GA9040GAA,CONN GA VISE 2 ACSR - 4/0 ACSR,TEC05,3CONNMECH  ,17,18.59,1
361123,GA9400GAA,CONN GA VISE 4/0 STR -336 ACSR,TEC05,3CONNMECH  ,41,16.73,1
361124,GA9401GAA,CLAMP GROUND VISE TYPE ALUMINUM 6SOL - 336STR .502 - .741 RUN .162 - .593 TAP,TEC05,3CONNMECH  ,40,28.27,1
361125,GA9842GAA,CONNECTOR VISE TYPE AL 6SOL - 795STR,TEC05,3CONNMECH  ,7,24.01,1
361126,GA9820GAA,CONN GA VISE 336 ACSR - 795 ACSR,TEC05,3CONNMECH  ,14,58.61,1
361199,4733R10-E-D2G,SWITCH DISCONNECT 25KV 900A LOADBUSTER,SCE03,3SWITCH1PH ,61,556.73,1
361210,5458A-1000-AL,SPLICE 25KV 1000MCM,3M002,3TERMINATO ,24,454.47,1
361211,7656-S-4-1000-GUS,TERMINATOR COLD SHRINK 25/KV 1000 MCM W/ BRKT & RISER BOOT,3M002,3TERMINATO ,7,252.31,1
361212,K656CETP-P0410-DRG,KIT URD T-BODY 25KV 600A 200A 1000MCM TAP AND CAP,THO05,3MLDRUBBER ,112,390.10,1
361214,GC-5006,CONNECTOR VISE TYPE BRONZE  HEX HEAD #8-#6,CIT05,3CONNMECH  ,7,2.57,1
361215,GC-5040,CONNECTOR VISE TYPE BRONZE  HEX HEAD #1-4/0,CIT05,3CONNMECH  ,1,7.22,1
361216,2B500W,CONNECTOR 2-BOLT CU/AL 350 - 500 MCM RUN 4 - 500 MCM TAP W/ SPACER,THO05,3CONNMECH  ,7,20.53,1
361500,1000 25KV AL 1C EPR 1/3N 1000,1000MCM 25KV AL STR EPR 260MIL 1/3N 1000FT NRR,CME02,3WIREMV    ,372,12.42,1
361505,TES 240MSA,ARRESTER SURGE 240V 3W MOUNTS BETWEEN METER & SOCKET 4T FM2S,TES05,3SOCKETS   ,14,140.49,1
361577,TGB-10517,GUARD WILDLIFE 19.6IN FOR OH BUSHING/ARRESTER,THE04,3WILDLIFE  ,14,40.32,1
361578,GG1525,GUARD WILDLIFE ELECTROSTATIC FOR OH BUSHING/ARRESTER FOR 1.5-2.5 NECK,3M002,3WILDLIFE  ,15,13.27,1
361600,1.5 DV-120/240 2B,CONV 1.5 KVA 14400X7200 120/240 2 BUSHING,ERM02,3TRANOH    ,14,635.80,1
361601,3 DV-120/240 2B,CONV 3 KVA 14400X7200 120/240 2 BUSHING W/TAPS,GEP01,3TRANOH    ,63,793.83,1
361750,8920,BOLT MACHINE GALV 3/4 X 20,MAC10,3BOLTWSHR  ,49,3.78,1
361751,4326,PIN XARM GALV 3/4 X 7 X 1-3/8,CIT05,3PINHDWE   ,1,18.78,1
361752,55-7,INSULATOR PIN J NECK 35KV 55-7 1-3/8IN PORCELAIN (128/PALLET),POW06,3INSULPORC ,161,20.48,1
361755,EZMS10279,TIE SPOOL EZ WRAP 795 .969-1.096 38IN GREEN,PRE12,3FMDWIRE   ,21,16.31,1
361758,8890,BOLT DOUBLE ARMING GALV 3/4 X 20,POW06,3BOLTWSHR  ,98,5.51,1
361759,8922,BOLT MACHINE GALV 3/4 X 22,POW06,3BOLTWSHR  ,49,5.25,1
361763,8897,BOLT DOUBLE ARMING GALV 3/4 X 28,ALU01,3BOLTWSHR  ,77,9.25,1
361764,8924,BOLT MACHINE GALV 3/4 X 24,POW06,3BOLTWSHR  ,60,4.30,1
361765,DA3020144E4SPX2,DEADEND FG 12FT DBL ARM 3-5/8 X 4-5/8 15K/PH 4 WIRE STD DRILL GRAY,GEO08,3FIBARMDE  ,224,1001.37,1
361803,DUR103,PHOTOCELL 120V - 480V W/ L SHAPE BRACKET,ACU01,3LGHTPE    ,7,12.31,1
361804,RBC-600,CLAMP GUY BONDING 5/8-1 TWINEYE PISA,LIN05,3CONNMECH  ,14,3.20,1
361805,RBC-200,CLAMP GUY BONDING 5/8-1 ANCHOR ROD TWINEYE,LIN05,3CONNMECH  ,14,1.40,1
361920,METER KIT W/ KYZ-ZN 11407,METER KIT W/ KYZ NO REORDER W/ WIRE CONNECTORS  AND BOARD,CIT05,3METER     ,1,.00,1
361979,CT24BK175-L,TIE ZIP 24IN BLACK 175LB HEAVY DUTY,3M002,3FASTENERS ,17,.64,1
361980,0775464,TIE ZIP 7.6IN 50LB RATED BLACK (100/PACK),FAS04,3FASTENERS ,42,.26,1
361981,FL11,TAPE FLAGGING RED 1-3/16" X 300' ROLL,CAR05,3TAPE      ,8,3.35,1
361982,ELBOW PVC 4X90X48R,ELBOW PVC 4IN 90 DEGREE 48IN RADIUS BE (817088),ATK01,3CONDUFITT ,112,35.76,1
361989,3906-TB,CONNECTOR GROUNDING CLAMP 4 4/0 TO 6" PIPE,THO05,3CONNMECH  ,7,265.15,1
361990,ELBOW STL 6X90X60R,ELBOW RIGID 6IN 90 DEGREE 60IN RADIUS,ECN01,3CONDUFITT ,19,547.49,1
361993,E997R,BELL END 6 INCH PVC,UTI07,3CONDUFITT ,7,8.15,1
361994,MIGB600L25AC,BUSHING GROUNDING 6IN #6 - 250,ELL02,3CONDUFITT ,7,45.06,1
361995,ADAPTER 6 FEMALE PVC,ADAPTER 6IN FEMALE PVC (59641),ATK01,3CONDUFITT ,112,11.69,1
361997,ELBOW STL 4X90X36R,ELBOW RIGID 4IN 90 DEGREE 36IN RADIUS,ECN01,3CONDUFITT ,14,174.62,1
361998,ELBOW PVC 4X90X24R,ELBOW PVC 4IN 90 DEGREE 24IN RADIUS BELLED END (864957),ATK01,3CONDUFITT ,112,28.05,1
361999,COUPLING PVC 6 LG,COUPLING PVC 6IN LONG LINE W/ CENTER STOP (925116),ATK01,3CONDUFITT ,112,21.28,1
362000,CONDUIT STL 2,CONDUIT GALV RIGID 2IN X 10FT (2100LB PER LIFT),ATK01,3CONDUPIPE ,49,12.05,1
362001,ELBOW STL 3X45X48R,ELBOW RIGID 3IN 45 DEGREE 48IN RADIUS,ECN01,3CONDUPIPE ,7,200.00,1
362002,ELBOW PVC 4X90X36R,ELBOW PVC 4IN 90 DEGREE 36IN RADIUS BELLED END (862293),ATK01,3CONDUFITT ,112,34.63,1
362003,ELBOW PVC 3X90X48R,ELBOW PVC 3IN 90 DEGREE 48IN RADIUS BELLED END (878947),ATK01,3CONDUFITT ,112,24.62,1
362004,ELBOW STL 3X90X48R,ELBOW RIGID 3IN 90 DEGREE 48IN RADIUS,ATK01,3CONDUFITT ,112,.00,1
362005,ELBOW STL 3X90X36R,ELBOW RIGID 3IN 90 DEGREE 36IN RADIUS,ECN01,3CONDUFITT ,14,105.90,1
362006,ELBOW PVC 3X90X24R,ELBOW PVC 3IN 90 DEGREE 24IN RADIUS BELLED END (865575),ATK01,3CONDUFITT ,112,19.02,1
362007,ELBOW PVC 2X45X24R,ELBOW PVC 2IN 45 DEGREE 24IN RADIUS BELLED END (868000),ATK01,3CONDUFITT ,112,9.82,1
362009,CONDUIT PVC 1X10,CONDUIT PVC 1IN X 10FT SCH 40 STD BELL (8104),ATK01,3CONDUPIPE ,49,1.50,1
362013,END BELL PVC 3,END BELL FOR 3IN PVC (59680),ATK01,3CONDUFITT ,112,3.71,1
362014,CONDUIT STL 3,CONDUIT GALV RIGID 3IN X 10FT,ATK01,3CONDUPIPE ,49,21.91,1
362015,ELBOW PVC 1X90X24,ELBOW PVC 1IN 90 DEGREE 24IN RADIUS,ATK01,3CONDUFITT ,112,5.52,1
362016,ELBOW STL 4X90X48R,ELBOW RIGID 4IN 90 DEGREE 48IN RADIUS,ECN01,3CONDUFITT ,14,357.33,1
362017,ELBOW PVC 4X45X18,ELBOW PVC 4IN 45 DEGREE 18IN RADIUSBELL END SCH40,ATK01,3CONDUFITT ,112,31.58,1
362019,RK11517MSCMT1,BALLAST KIT FOR AEL FIXTURE ROADWAY 115,ACU01,3LGHTHID   ,70,111.01,1
362020,ELBOW PVC 6X45X36R,ELBOW PVC 6IN 45 DEGREE 36IN RADIUS BELLED END (878942),ATK01,3CONDUFITT ,112,63.83,1
362022,215-SB,STAND PARKING 15KV,ELE05,3MLDRUBBER ,50,50.79,1
362023,71A8473-001D,BALLAST KIT CORE AND COIL 1-400W HPS 120/208/240/277 60HZ,PHI05,3LGHTHID   ,70,99.38,1
362028,ELBOW PVC 6X22.5XSTD BE,ELBOW PVC 6IN 22.5 DEGREE STD 30IN RADIUS BELLED END,ATK01,3CONDUFITT ,112,61.63,1
362030,HC406,FITTING COMPRESSION 2IN RIFIG CONNECTOR MALLEABLE,THO05,3CONDUFITT ,7,43.15,1
362031,HC408,FITTING COMPRESSION 3IN RIFIG CONNECTOR MALLEABLE,THO05,3CONDUFITT ,7,101.67,1
362032,1218 HUBBELL,BUSHING GROUNDING 2" WIRE SIZE #2 STR - 14 SOL,CIT05,3CONDUFITT ,1,10.80,1
362033,1292RAC,BUSHING GROUNDING 2" WIRE SIZE #1/0 STR - 14 SOL,CIT05,3CONDUFITT ,1,8.21,1
362034,ARP00016,HUB METER SOCKET LARGE CLOSING PLATE,DUR03,3SOCKETS   ,28,6.02,1
362035,1-6008,COVER METER SOCKET CLEAR  UNBLADED,EJB02,3SOCKETS   ,10,4.92,1
362036,31145,WIREHOLDER 3IN GALV. SCREW THREADS PORCELAIN,CIT05,3BRACKET   ,1,6.02,1
362037,S288JLN,SPACER BASE 2IN X 3IN,THO05,3CONDUFITT ,60,.83,1
362038,S288LLN,SPACER BASE 3IN X 3IN,THO05,3CONDUFITT ,60,.93,1
362039,SPACER INTERMEDIATE 2 INCH,SPACER INTERMEDIATE FOR 2IN CONDUIT W/2IN SEPARATION (1521),ATK01,3CONDUFITT ,112,1.13,1
362040,ELBOW STL 6X45X36R,ELBOW RIGID 6IN 45 DEGREE 36IN RADIUS,ECN01,3CONDUFITT ,14,320.48,1
362041,S289LLN,SPACER INTERMEDIATE 3IN X 3IN,THO05,3CONDUFITT ,60,.94,1
362042,CR36B,RACK CABLE UNDERGROUND 36IN STANCHION,UND02,3BRACKET   ,14,68.28,1
362043,CR24B,CABLE RACK 24",UND02,3BRACKET   ,7,52.72,1
362044,RA14,CABLE RACK ARM 14",UND02,3BRACKET   ,14,41.35,1
362045,RA20,ARM RACK 20" HVY DTY NON-METALLIC FOR CR36B STANCHION,UND02,3BRACKET   ,14,67.09,1
362046,HDL LOCKING CLIP,CLIP LOCKING FOR CABLE RACK,UND02,3BRACKET   ,69,2.10,1
362047,ELBOW PVC 4X45X24R,ELBOW PVC 4IN 45 DEGREE 24IN RADIUS BELLED END (864375),ATK01,3CONDUFITT ,112,17.30,1
362050,S2468-XL,SOCKET METER 200A 4T OH/UG CP MB MTG PROVISION,MIL07,3SOCKETS   ,372,166.27,1
362053,S289NLN,SPACER INTERMEDIATE 4IN X 3IN,CAR07,3CONDUFITT ,60,2.22,1
362055,S288NLN,SPACER BASE 4IN X 3IN,THO05,3CONDUFITT ,7,2.35,1
362056,S288RLN,SPACER INTERMEDIATE 6IN X 3IN,CAR07,3CONDUFITT ,60,3.70,1
362057,J2840Z,ADAPTER TRANSFORMER LEAD 5/8 BOLT TO 1IN NYLON THREAD 5IN LENGTH,MAC10,3PINHDWE   ,35,9.47,1
362060,25031,STRAP CONDUIT STEEL 1-1/2IN 2H,HUG08,3CONDUFITT ,7,.58,1
362061,CONDUIT STL 4,CONDUIT GALV RIGID 4IN X 10FT (GRC4),ATK01,3CONDUPIPE ,49,34.16,1
362062,CONDUIT STL 6,CONDUIT GALV RIGID 6IN X 10FT,ATK01,3CONDUPIPE ,112,86.28,1
362063,CABLE SPREADER CT5,CABLE SPREADER  XFRM 1PH PAD CAT5 CITY OF GTOWN,CIT05,3XFRMRPAD  ,2,92.38,1
362065,1402-XR,MARKER  BALL RED 4 IN,3M002,3SAFETY    ,25,12.78,1
362066,CF4040-1,H-TAP CU 2/0 STR TO 2/0 STR,ELE05,3CONNCOMP  ,14,6.24,1
362069,K650SOP,STAND OFF PLUG 600A,THO05,3MLDRUBBER ,73,108.61,1
362070,625J3U,JUNCTION 25KV 3  POINT 600A DEADBREAK W/STRAP,CIT05,3MLDRUBBER ,1,225.90,1
362078,LR6-3.50,GRIP CONDUIT RISER TYPE 4.5-5.5 FOR 6IN CONDUIT,LEW02,3GRIPS     ,21,80.41,1
362079,U-450-SWB-SW,GRIP CABLE 4-1/2 - 5-1/2 1000LB WK LOAD 6000 LBS,LEW02,3GRIPS     ,7,51.07,1
362080,LR3-1.62,GRIP CONDUIT RISER TYPE 1-5/8 - 2-1/2 FOR 3IN CONDUIT,LEW02,3GRIPS     ,14,43.99,1
362081,LR4-2.50,GRIP CONDUIT RISER TYPE 2-1/2 - 3-1/2 FOR 4IN CONDUUIT,LEW02,3GRIPS     ,21,52.69,1
362084,HAND HOLE COVER SUN CITY,HAND HOLE COVER SUN CITY STREET LIGHT CONCRETE CITY OF GTOWN,CIT05,3LGHTPART  ,7,.00,1
362085,362085,SCREW STREETLIGHT POLE,CIT05,3BOLTWSHR  ,1,.62,1
362088,J2841Z,ADAPTER TRANSFORMER 5/8 BOLT TO 1-3/8IN NYLON THREAD 5IN LENGTH,MAC10,3PINHDWE   ,252,9.98,1
362089,HC502SS,BOLT HEX CAP 1/2 X 2 STAINLESS STEEL,ALL15,3FASTENERS ,14,1.20,1
362090,YGHC34C34,C-TAP 300-500 RUN 300-500 TAP,FCI02,3CONNCOMP  ,14,17.08,1
362091,CC4040,C-TAP 3/0 SOL - 4/0 STR  CU RUN AND TAP,THO05,3CONNCOMP  ,22,4.64,1
362092,07420,BOLT ANCHOR 1/2 X 2-3/4 CARBON STEEL (AT1223),CIT05,3FASTENERS ,1,.43,1
362093,50C150HCSS,BOLT HEX CAP 1/2 X 1-1/2 STAINLESS STEEL,ALL15,3FASTENERS ,14,.70,1
362094,FW50SS,WASHER FLAT 1/2 SS,ALL15,3FASTENERS ,14,.10,1
362095,N5013SS,NUT HEX 1/2IN STAINLESS STEEL,ALL15,3FASTENERS ,14,.20,1
362096,LW-50SSPPM,WASHER LOCK 1/2IN STAINLESS STEEL (100 PACK),ALL15,3FASTENERS ,14,.13,1
362097,60406 ANCHOR,ANCHOR DROP-IN 1/2-13 STEEL FOR CONCRETE,MIN03,3FASTENERS ,7,8.06,1
362100,P33870,NUT HEX 3/4-10 HOT DIP GALV GRADE A FINISH,ALL15,3FASTENERS ,14,.25,1
362101,12 CU SOL THHN YEL 500FT NRR,12 AWG CU SOLID THHN YELLOW 600V 500FT NRR,CME02,3WIRE600VC ,40,.18,1
362102,12 CU SOL THHN WHT 500FT,12 AWG CU SOLID THHN WHITE 600V 500FT NRR,CME02,3WIRE600VC ,22,.20,1
362103,12 CU SOL THHN BLK 500FT NRR,12 AWG CU SOLID THHN BLACK 600V 500FT NRR,CME02,3WIRE600VC ,21,.20,1
362104,12 CU SOL THHN RED 500FT NRR,12 AWG CU SOLID THHN RED 600V 500FT NRR,CME02,3WIRE600VC ,51,.17,1
362105,12 CU SOL THHN BLU 500FT NRR,12 AWG CU SOLID THHN BLUE 600V 500FT NRR,CME02,3WIRE600VC ,14,.11,1
362106,12 CU SOL THHN GRN 500FT NRR,12 AWG CU SOLID THHN GREEN 600V 500FT NRR,CME02,3WIRE600VC ,18,.21,1
362107,14  CU SOL THHN BLK 500FT,14 AWG CU SOL THHN BLACK 600V 500FT NRR,CME02,3WIRE600VC ,14,.15,1
362108,14 CU STR THHN RED 500FT NRR,14 AWG CU STR THHN RED 500FT NRR,HOU03,3WIRE600VC ,14,.11,1
362110,14 CU STR THHN GRN 500FT NRR,14 AWG CU STR THHN GREEN 500FT NRR,CME02,3WIRE600VC ,7,.12,1
362111,12 CU SOL THHN BRN 500FT NRR,12 AWG CU SOLID THHN BROWN 600V 500FT NRR,CME02,3WIRE600VC ,21,.10,1
362115,10-9090,RING METER STEEL W/ ADJUSTMENT SCREW "HANDI-RINGS",EJB02,3SOCKETS   ,14,8.00,1
362133,GPL56,CLAMP GROUNDING #8 SOL - #4 STR FOR 4IN PIPE,PEN04,3CONNMECH  ,70,45.86,1
362135,PLUG PVC CONDUIT 2,PLUG PVC 2IN CONDUIT W/ PULL TAB (59651),ATK01,3CONDUFITT ,112,1.55,1
362136,P258LT,PLUG NONMETALLIC W/ PULL TAB,THO05,3CONDUFITT ,60,.88,1
362137,PLUG PVC CONDUIT 4,PLUG PVC 4IN CONDUIT W/ PULL TAB (59655),ATK01,3CONDUFITT ,112,2.06,1
362138,PLUG PVC CONDUIT 6,PLUG PVC 6IN CONDUIT W/ PULL TAB (59657),ATK01,3CONDUFITT ,112,2.33,1
362142,COUPLING PVC 6,COUPLING PVC 6IN (59612),ATK01,3CONDUFITT ,112,6.26,1
362150,1/0 CU STR THHN BLK 500FT NRR,1/0 AWG CU 19 STR THHN BLK 600V 500FT NRR,CME02,3WIRE600VC ,23,3.22,1
362154,RISER 2 STR CU 500FT NRR,2 AWG CU 7 STR XLP RISER 500FT NRR,SER02,3WIRERISER ,19,2.98,1
362155,4/0 CU STR THHN BLK 500FT NRR,4/0 AWG CU 19 STR THHN BLK 600V 500FT NRR,CME02,3WIRE600VC ,20,6.21,1
362160,350 CU STR THHN 500FT,350 MCM CU 37STR THHN 600V BLACK 500FT NRR,CME02,3WIRE600VC ,26,6.47,1
362170,A1200HS10PG,CHANNEL UNISTRUT 1-5/8 X 1-1/58 GALV 10FT HS,ELL02,3BRACKET   ,7,4.56,1
362171,ATR58,ALL THREAD ROD 5/8IN X 10FT GALVANIZED,FAS04,3FASTENERS ,14,27.21,1
362172,8563,NUT SQUARE GALV 5/8,MAC10,3BOLTWSHR  ,14,.37,1
362173,SK325I,UNISTRUT RIGID CLAMP 2IN,DEA02,3BRACKET   ,14,1.25,1
362174,SK645I,UNISTRUT RIGID CLAMP 4IN,DEA02,3BRACKET   ,7,1.85,1
362175,PS 1100 6,STRAP STRUT 6IN,CIT05,3FASTENERS ,1,3.72,1
362176,SK485I,UNISTRUT RIGID CLAMP 3IN 1 PC,DEA02,3BRACKET   ,7,1.27,1
362180,N5013HDG,NUT HEX 1/2IN HOT DIPPED GALVANIZED,ALL15,3FASTENERS ,14,.08,1
362226,2702A1,INSERT 25KV FEED-THRU,THO05,3MLDRUBBER ,52,281.89,1
362227,C730-242LB,CUTOUT LOADBREAK 27KV 200A HD 125 BIL W/ PG CONN & BRKT 10KAIC,ARK05,3CUTOUTPRC ,70,359.30,1
362228,KE1079B,GUARD WILDLIFE 27KV CUTOUT LOADBREAK GREY,KAD01,3WILDLIFE  ,75,53.66,1
362451,02064,CLEANER DEGREASER CABLE NON-CHLOR 20OZ AEROSOL,CRC01,3CLEANER   ,34,25.67,1
363050,5 DV-120/240 1B,CONV 5 KVA 14400X7200 120/240 1 BUSHING,GEP01,3TRANOH    ,63,801.10,1
363401,92350-001,CURRENT TRANSFORMER 600V 200:5 OVH ITRON TYPE R6SA,TEX143,3CTVTPT    ,365,88.89,1
363455,10-169,CLEANER ALL PURPOSE 1 GAL BOTTLE PRE MIXED,HAS02,3CLEANER   ,14,31.48,1
363456,10-091,WAX HOT STICK AND BOOM 14OZ,HAS02,3TOOL      ,17,32.10,1
364000,1TPRI0400,FAULT INDICATOR UG TEST POINT 25KV 200A,SCH08,3FAULTIND  ,150,107.00,1
364001,FI-3CS04NCM-F,FAULT INDICATOR URD 4HR RESET UNIVERSAL CLAMP,SMA02,3FAULTIND  ,39,141.98,1
364074,A7551,HUB METER SOCKET SMALL CLOSING PLATE,MIL07,3SOCKETS   ,100,3.38,1
364100,DST-0350,TIE DOUBLE SUPPORT J NECK  #4 .245 - .277 14IN ORANGE,PRE12,3FMDWIRE   ,21,13.88,1
364101,UTJ-1310,TIE DISTRIBUTION J NECK 336.4 18/1 336.4 & 397.5 19STR .666 - .755 33IN BROWN,PRE12,3FMDWIRE   ,133,7.95,1
364102,UTJ-1305,TIE DISTRIBUTION J NECK 1/0 .358 - .405 33IN YELLOW,PRE12,3FMDWIRE   ,70,6.14,1
364103,WTJ0400,TIE WRAPLOCK J NECK #4 .248 - .259 21IN ORANGE,PRE12,3FMDWIRE   ,119,7.20,1
364108,UTJ-1313,TIE DISTRIBUTION J NECK 795 .969 - 1.096 39IN GREEN,PRE12,3FMDWIRE   ,147,9.40,1
364109,MG-0154,LINE GUARD 795 BROWN,PRE12,3FMDWIRE   ,14,33.51,1
364110,SPL1352P,TIE SPOOL #4 .245 - .277 19IN ORANGE,PRE12,3FMDWIRE   ,77,2.60,1
364111,SPL1355P,TIE SPOOL 1/0 .358 - .405 26IN YELLOW,PRE12,3FMDWIRE   ,77,3.19,1
364112,DBST-1311,TIE DOUBLE SIDE J NECK  795 .969 - 1.096 23IN GREEN,PRE12,3FMDWIRE   ,91,14.54,1
364113,SPL1360P,TIE SPOOL 336 .666 - .755 25IN BROWN,PRE12,3FMDWIRE   ,77,5.41,1
364114,DST0361,TIE DOUBLE SUPPORT J NECK  795 .969 - 1.096 23IN GREEN,PRE12,3FMDWIRE   ,77,27.55,1
364120,STJ1505P,TIE SIDE J NECK  1/0 .358 - .405 26IN YELLOW,PRE12,3FMDWIRE   ,77,6.11,1
364121,STJ1510P,TIE SIDE J NECK  336 .666 - .755 25IN BROWN,PRE12,3FMDWIRE   ,53,8.08,1
364125,DBST1303 TIE DOUBLE SIDE,TIE DOUBLE SIDE J NECK  1/0 .358 - .405 21IN YELLOW,PRE12,3FMDWIRE   ,63,7.99,1
364126,DBST-1308,TIE DOUBLE SIDE J NECK  336 .666 - .755 25IN BROWN,PRE12,3FMDWIRE   ,33,12.71,1
364130,DST0353 TIE DOUBLE SUPT,TIE DOUBLE SUPPORT J NECK  1/0 .358 - .405 15IN YELLOW,PRE12,3FMDWIRE   ,91,15.46,1
364131,DST0357,TIE DOUBLE SUPPORT J NECK  336 .589  - .665 18IN PURPLE,PRE12,3FMDWIRE   ,91,26.77,1
366083,1000 DV-480/277 3PH PAD,PAD 1000 KVA 14400X7200 480/277 3PH,ERM02,3TRANURD3P ,233,26548.14,1
366808,500 DV-240/120 3PH-ZU11407,500 14400X7200 240/120 3PH PAD,CIT05,3TRANURD3P ,8,.00,1
366900,ZFA3K000000,METER FOCUS R2S FM 1S CL200 120V CITY OF GTOWN,CIT05,3METER     ,7,.00,1
366901,ZFCWM000000,METER FOCUS RS2 FM 2S CL200 240V CITY OF GTOWN,CIT05,3METER     ,1,139.88,1
366902,ZHCY4000004,METER FOCUS RU FM 2S CL320 240V CITY OF GTOWN,CIT05,3METER     ,7,.00,1
366910,ZDC210P8082,METER FOCUS A3TL FM 4S CL20 120-480V CITY OF GTOWN,CIT05,3METER     ,7,.00,1
366911,ZD3210P8082,METER FOCUS A3TL FM 9S (8S) CL20 120-480 CITY OF GTOWN,CIT05,3METER     ,1,546.68,1
366912,ZD3310P8082,METER A3TL W/ EA LAN 16S CLASS 200A,LEI02,3METER     ,119,463.29,1
366913,ZD3310P8202,METER FOCUS A3TL FM 16S (15S) CL200 120-480V CITY OF GTOWN,CIT05,3METER     ,7,.00,1
366914,ZD2200P8082-ZN11407,METER FOCUS A3TL FM 35S CL20 120-480V CITY OF GTOWN,CIT05,3METER     ,1,.00,1
366915,ZDA210P8084-ZN11407,METER FOCUS A3TLN FM 3S CL20 120-480V CITY OF GTOWN,CIT05,3METER     ,1,.00,1
366917,ZD8200P8082,METER FOCUS A3TL  FM 36S CL200 240V CITY OF GTOWN,CIT05,3METER     ,7,.00,1
366918,ZHCW4A00004,METER REXU 2S CL200 WITH EA_LAN INTERFACE AND REMOTE DISCONNECT,LEI02,3METER     ,112,156.95,1
366919,ZDC300P8082,METER FOCUS A3TL FM 2S CL200 120-480V CITY OF GTOWN,CIT05,3METER     ,7,.00,1
366920,110-702,METER 2S CL200 240V FOCUS AL REFURBISHED,TEX143,3METER     ,7,25.93,1
366922,ZF5WKA00000,METER FOCUS R2SD FM 12S CL200 120V CITY OF GTOWN,CIT05,3METER     ,1,205.56,1
366923,ZHC44000004,METER FOCUS RU FM 2S CL320 240V CITY OF GTOWN,CIT05,3METER     ,1,76.54,1
366927,ZF5WK000000,METER FOCUS RS2 FM 12S CL200 120V CITY OF GTOWN,CIT05,3METER     ,7,.00,1
366928,ZD5310P8082,METER A3TL W/ EA LAN 12S CLASS 200A,LEI02,3METER     ,119,288.26,1
366931,EJ14128,JUNCTION BOX 14X12X8  HAMMOND MFG,CIT05,3STEELENCL ,1,168.31,1
366932,EJPA,PADLOCK ADAPTER ECLIPSE JR. KIT FOR METERS (HAMMOND MFG) BUL10264,CIT05,3METER     ,1,15.62,1
366933,7S1852G002-ZN 11407,MOUNT KIT LARGE POLE REPEATER,CIT05,3METER     ,1,.00,1
366934,7S40K0G001,METER EA REPEATER STD ENC 120VAC INT ANT WITH MOUNT KIT,209,3METER     ,7,250.62,1
366935,EAC0M07DM85,METER EA MODULAR GATEKEEPER W/ REMOTE ANT READY ETHERNET BATTERY POLYCARB NENMX,209,3METER     ,7,5555.56,1
366936,7S1852G003-ZN 11407,MOUNT KIT  POLE REPEATER SINGLE BOLT,CIT05,3METER     ,1,.00,1
366940,ZD3310P80L4,METER FOCUS A3RL FM 16S(15S) CL200 120-480V CITY OF GTOWN,CIT05,3METER     ,7,.00,1
366941,ZD3410P80L4,METER FOCUS A3RL FM 16S(15S) CL320 120-480V CITY OF GTOWN,CIT05,3METER     ,7,.00,1
369030,5503613-2,CONNECTOR KIT ST SIMPLEX SINGLEMODE OPTIMATE YELLOW,TYC02,3FIBERMISC ,30,3.52,1
380880,ZHP018-2000000-PEC,ARRESTER 18KV HD OFF THE POLE PEC ASSMBLY W/ GH-201D,TEC02,3COMPASM-A ,7,109.15,1
400005,750X133629,CURRENT TRANSFORMER 600V 500:5 JAK-OW LOW BASE ENCOMPASS,GEG02,3CTVTPT    ,365,91.20,1
E00006,29-6114-000,FAULT INDICATOR UNDERGROUND,POW08,3FAULTIND  ,47,202.53,1
RISER 4/0 STR CU 500FT NRR,RISER 4/0 STR CU 500FT NRR,4/0  CU 19 STR XLP RISER 500FT NRR,NEH02,3WIRERISER ,76,5.75,1
